frameset,recording,bout,frame,host_fly,host_sex,contact,wall,page,cell,exist,step_units,reproj_px,contain_frac,verdict,note
2025_10_20_13_20_04/Frame_94277/fly0,2025_10_20_13_20_04,3,94277,0,female,False,False,0,female/apart/floor,0.9996,1.2734,0.924,0.98,,
2025_10_20_13_20_04/Frame_94437/fly0,2025_10_20_13_20_04,3,94437,0,female,False,False,0,female/apart/floor,0.9994,0.818,0.6603,0.98,,
2025_10_20_13_20_04/Frame_94629/fly0,2025_10_20_13_20_04,3,94629,0,female,False,False,0,female/apart/floor,0.9992,0.762,0.6608,0.96,,
2025_10_20_13_20_04/Frame_149470/fly0,2025_10_20_13_20_04,5,149470,0,female,False,False,0,female/apart/floor,0.9885,1.7219,0.806,1.0,,
2025_10_20_13_20_04/Frame_149774/fly0,2025_10_20_13_20_04,5,149774,0,female,False,False,0,female/apart/floor,0.9996,0.4415,0.8605,0.98,,
2025_10_20_13_20_04/Frame_219379/fly0,2025_10_20_13_20_04,7,219379,0,female,False,False,0,female/apart/floor,0.998,0.5961,0.741,0.96,,
2025_10_20_13_20_04/Frame_219619/fly0,2025_10_20_13_20_04,7,219619,0,female,False,False,0,female/apart/floor,0.9991,1.6225,0.5713,0.98,,
2025_10_20_13_20_04/Frame_247666/fly0,2025_10_20_13_20_04,10,247666,0,female,False,False,0,female/apart/floor,0.9997,0.9948,0.6189,1.0,,
2025_10_20_13_20_04/Frame_283136/fly0,2025_10_20_13_20_04,16,283136,0,female,False,False,0,female/apart/floor,0.9994,0.321,0.6826,0.96,,
2025_10_20_13_20_04/Frame_321083/fly0,2025_10_20_13_20_04,17,321083,0,female,False,False,0,female/apart/floor,0.9993,0.4259,0.8063,0.98,,
2025_10_20_13_20_04/Frame_321115/fly0,2025_10_20_13_20_04,17,321115,0,female,False,False,1,female/apart/floor,0.9993,0.438,0.7926,0.96,,
2025_10_20_13_20_04/Frame_372370/fly0,2025_10_20_13_20_04,20,372370,0,female,False,False,1,female/apart/floor,0.9969,1.8737,0.6566,0.98,,
2025_10_20_13_20_04/Frame_372402/fly0,2025_10_20_13_20_04,20,372402,0,female,False,False,1,female/apart/floor,0.9954,0.8624,0.6203,0.98,,
2025_10_20_13_20_04/Frame_372663/fly0,2025_10_20_13_20_04,20,372663,0,female,False,False,1,female/apart/floor,0.9995,0.8736,0.4677,0.98,,
2025_10_20_13_20_04/Frame_372823/fly0,2025_10_20_13_20_04,20,372823,0,female,False,False,1,female/apart/floor,0.9992,0.4277,0.6415,0.94,,
2025_10_20_13_20_04/Frame_474981/fly0,2025_10_20_13_20_04,30,474981,0,female,False,False,1,female/apart/floor,0.9994,1.3076,0.7619,0.98,,
2026_04_02_12_11_50/Frame_219840/fly0,2026_04_02_12_11_50,4,219840,0,female,False,False,1,female/apart/floor,0.9997,0.4134,0.6752,0.96,,
2026_04_02_14_54_28/Frame_142703/fly0,2026_04_02_14_54_28,1,142703,0,female,False,False,1,female/apart/floor,0.9994,0.5996,0.6121,0.9,,
2026_04_02_14_54_28/Frame_259346/fly0,2026_04_02_14_54_28,3,259346,0,female,False,False,1,female/apart/floor,0.9997,2.569,0.4798,0.96,,
2026_04_02_14_54_28/Frame_259442/fly0,2026_04_02_14_54_28,3,259442,0,female,False,False,1,female/apart/floor,0.9997,0.6654,0.5373,0.96,,
2026_04_02_14_54_28/Frame_650370/fly0,2026_04_02_14_54_28,15,650370,0,female,False,False,2,female/apart/floor,0.9997,0.5746,0.6647,0.94,,
2026_04_02_14_54_28/Frame_662816/fly0,2026_04_02_14_54_28,16,662816,0,female,False,False,2,female/apart/floor,0.9997,0.8171,0.6091,0.98,,
2026_04_02_14_54_28/Frame_663200/fly0,2026_04_02_14_54_28,16,663200,0,female,False,False,2,female/apart/floor,0.9997,0.7086,0.6067,0.96,,
2026_04_02_14_54_28/Frame_675665/fly0,2026_04_02_14_54_28,17,675665,0,female,False,False,2,female/apart/floor,0.9994,1.1949,0.7351,0.9,,
2026_04_02_14_54_28/Frame_725572/fly0,2026_04_02_14_54_28,19,725572,0,female,False,False,2,female/apart/floor,0.9994,1.2488,0.6104,0.94,,
2026_04_02_15_25_51/Frame_60484/fly0,2026_04_02_15_25_51,1,60484,0,female,False,False,2,female/apart/floor,0.9998,1.7942,0.656,0.96,,
2026_04_02_15_25_51/Frame_229076/fly0,2026_04_02_15_25_51,5,229076,0,female,False,False,2,female/apart/floor,0.9993,0.9001,0.7332,0.92,,
2026_04_02_15_25_51/Frame_394650/fly0,2026_04_02_15_25_51,10,394650,0,female,False,False,2,female/apart/floor,0.9988,0.722,0.6753,0.92,,
2026_04_02_15_25_51/Frame_416813/fly0,2026_04_02_15_25_51,12,416813,0,female,False,False,2,female/apart/floor,0.9997,0.7611,0.5143,0.96,,
2026_04_02_15_25_51/Frame_416973/fly0,2026_04_02_15_25_51,12,416973,0,female,False,False,2,female/apart/floor,0.9996,0.9622,0.6031,0.96,,
2026_04_02_15_25_51/Frame_417325/fly0,2026_04_02_15_25_51,12,417325,0,female,False,False,3,female/apart/floor,0.9997,0.4195,0.5232,0.94,,
2026_04_02_15_25_51/Frame_430927/fly0,2026_04_02_15_25_51,13,430927,0,female,False,False,3,female/apart/floor,0.9996,0.1328,0.5471,0.94,,
2026_04_02_15_25_51/Frame_430943/fly0,2026_04_02_15_25_51,13,430943,0,female,False,False,3,female/apart/floor,0.9996,0.825,0.5098,0.92,,
2026_04_02_15_25_51/Frame_431840/fly0,2026_04_02_15_25_51,14,431840,0,female,False,False,3,female/apart/floor,0.9998,0.5413,0.5853,0.96,,
2026_04_02_15_25_51/Frame_456938/fly0,2026_04_02_15_25_51,16,456938,0,female,False,False,3,female/apart/floor,0.9998,0.9709,0.5307,0.94,,
2026_04_02_15_25_51/Frame_457050/fly0,2026_04_02_15_25_51,16,457050,0,female,False,False,3,female/apart/floor,0.9998,0.1322,0.6019,0.94,,
2026_04_02_15_25_51/Frame_457194/fly0,2026_04_02_15_25_51,16,457194,0,female,False,False,3,female/apart/floor,0.9998,0.1872,0.6384,0.96,,
2026_04_02_15_25_51/Frame_457226/fly0,2026_04_02_15_25_51,16,457226,0,female,False,False,3,female/apart/floor,0.9998,0.1214,0.6521,0.96,,
2026_04_02_15_25_51/Frame_499120/fly0,2026_04_02_15_25_51,17,499120,0,female,False,False,3,female/apart/floor,0.9998,1.3316,0.5439,0.98,,
2026_04_02_15_25_51/Frame_499136/fly0,2026_04_02_15_25_51,17,499136,0,female,False,False,3,female/apart/floor,0.9998,1.5286,0.5175,0.98,,
2026_04_02_15_25_51/Frame_499424/fly0,2026_04_02_15_25_51,17,499424,0,female,False,False,4,female/apart/floor,0.9997,0.1891,0.5841,0.98,,
2026_04_02_15_25_51/Frame_524588/fly0,2026_04_02_15_25_51,18,524588,0,female,False,False,4,female/apart/floor,0.9997,0.922,0.8203,0.98,,
2026_04_02_15_25_51/Frame_524860/fly0,2026_04_02_15_25_51,18,524860,0,female,False,False,4,female/apart/floor,0.9996,0.1726,0.9547,0.94,,
2026_04_02_15_25_51/Frame_553943/fly0,2026_04_02_15_25_51,19,553943,0,female,False,False,4,female/apart/floor,0.9997,0.1615,0.5368,0.94,,
2026_04_02_15_25_51/Frame_554183/fly0,2026_04_02_15_25_51,19,554183,0,female,False,False,4,female/apart/floor,0.9997,0.9197,0.6365,0.98,,
2026_04_02_15_25_51/Frame_619292/fly0,2026_04_02_15_25_51,23,619292,0,female,False,False,4,female/apart/floor,0.9997,0.5431,0.5217,0.96,,
2026_04_02_15_25_51/Frame_619356/fly0,2026_04_02_15_25_51,23,619356,0,female,False,False,4,female/apart/floor,0.9997,1.3904,0.5675,0.96,,
2026_04_02_15_25_51/Frame_629819/fly0,2026_04_02_15_25_51,25,629819,0,female,False,False,4,female/apart/floor,0.9997,0.1513,0.6226,0.98,,
2026_04_02_15_25_51/Frame_649252/fly0,2026_04_02_15_25_51,26,649252,0,female,False,False,4,female/apart/floor,0.9997,0.5908,0.4514,0.94,,
2026_04_02_15_25_51/Frame_672658/fly0,2026_04_02_15_25_51,27,672658,0,female,False,False,4,female/apart/floor,0.9995,0.4756,0.6179,0.94,,
2026_04_02_15_44_42/Frame_300575/fly0,2026_04_02_15_44_42,2,300575,0,female,False,False,5,female/apart/floor,0.9997,0.7204,0.5148,0.96,,
2026_04_02_15_44_42/Frame_420584/fly0,2026_04_02_15_44_42,4,420584,0,female,False,False,5,female/apart/floor,0.9992,0.1238,0.5491,0.96,,
2026_04_02_15_44_42/Frame_420760/fly0,2026_04_02_15_44_42,4,420760,0,female,False,False,5,female/apart/floor,0.9992,0.1247,0.5602,0.96,,
2026_04_02_15_44_42/Frame_456897/fly0,2026_04_02_15_44_42,5,456897,0,female,False,False,5,female/apart/floor,0.9995,0.9947,0.7329,0.9,,
2026_04_02_15_44_42/Frame_457045/fly0,2026_04_02_15_44_42,5,457045,0,female,False,False,5,female/apart/floor,0.9995,1.2787,0.7141,0.9,,
2026_04_02_15_44_42/Frame_457093/fly0,2026_04_02_15_44_42,5,457093,0,female,False,False,5,female/apart/floor,0.9996,1.1685,0.6711,0.9,,
2026_04_02_15_44_42/Frame_555975/fly0,2026_04_02_15_44_42,6,555975,0,female,False,False,5,female/apart/floor,0.9998,0.7275,0.6187,0.94,,
2026_04_02_15_44_42/Frame_556167/fly0,2026_04_02_15_44_42,6,556167,0,female,False,False,5,female/apart/floor,0.9996,0.4133,0.5622,0.94,,
2026_04_02_16_03_48/Frame_295143/fly0,2026_04_02_16_03_48,1,295143,0,female,False,False,5,female/apart/floor,0.9994,0.1988,0.6315,0.96,,
2026_04_02_16_03_48/Frame_436019/fly0,2026_04_02_16_03_48,3,436019,0,female,False,False,5,female/apart/floor,0.9996,0.4588,0.5838,0.94,,
2026_04_02_16_03_48/Frame_436163/fly0,2026_04_02_16_03_48,3,436163,0,female,False,False,6,female/apart/floor,0.9994,0.1915,0.627,0.94,,
2026_04_02_16_03_48/Frame_662030/fly0,2026_04_02_16_03_48,6,662030,0,female,False,False,6,female/apart/floor,0.9995,0.4443,0.6422,0.96,,
2026_04_02_16_03_48/Frame_662126/fly0,2026_04_02_16_03_48,6,662126,0,female,False,False,6,female/apart/floor,0.9995,0.1914,0.6191,0.96,,
2026_04_02_16_21_32/Frame_249096/fly0,2026_04_02_16_21_32,1,249096,0,female,False,False,6,female/apart/floor,0.9997,0.6804,0.6006,0.98,,
2026_04_02_16_21_32/Frame_249832/fly0,2026_04_02_16_21_32,3,249832,0,female,False,False,6,female/apart/floor,0.9996,0.9371,0.6568,0.98,,
2026_04_02_16_21_32/Frame_344306/fly0,2026_04_02_16_21_32,4,344306,0,female,False,False,6,female/apart/floor,0.9997,0.2801,0.6056,0.94,,
2026_04_02_16_21_32/Frame_380973/fly0,2026_04_02_16_21_32,5,380973,0,female,False,False,6,female/apart/floor,0.9994,0.1972,0.6619,1.0,,
2026_04_02_16_21_32/Frame_381261/fly0,2026_04_02_16_21_32,5,381261,0,female,False,False,6,female/apart/floor,0.9996,0.6954,0.5653,1.0,,
2026_04_02_16_21_32/Frame_381549/fly0,2026_04_02_16_21_32,5,381549,0,female,False,False,6,female/apart/floor,0.9997,0.1352,0.6619,0.94,,
2026_04_02_16_21_32/Frame_504005/fly0,2026_04_02_16_21_32,8,504005,0,female,False,False,6,female/apart/floor,0.9996,1.2906,0.5708,0.96,,
2026_04_02_16_21_32/Frame_504229/fly0,2026_04_02_16_21_32,8,504229,0,female,False,False,7,female/apart/floor,0.9997,1.0898,0.5339,0.94,,
2026_04_02_16_21_32/Frame_505403/fly0,2026_04_02_16_21_32,9,505403,0,female,False,False,7,female/apart/floor,0.9996,0.7113,0.5235,0.96,,
2026_04_02_16_21_32/Frame_505964/fly0,2026_04_02_16_21_32,9,505964,0,female,False,False,7,female/apart/floor,0.999,0.794,0.5852,0.94,,
2026_04_02_16_21_32/Frame_506483/fly0,2026_04_02_16_21_32,9,506483,0,female,False,False,7,female/apart/floor,0.9994,0.5607,0.6683,0.96,,
2026_04_02_16_21_32/Frame_506659/fly0,2026_04_02_16_21_32,9,506659,0,female,False,False,7,female/apart/floor,0.9994,0.3602,0.6833,0.96,,
2026_04_02_16_21_32/Frame_623911/fly0,2026_04_02_16_21_32,11,623911,0,female,False,False,7,female/apart/floor,0.9995,0.8445,0.7783,0.98,,
2026_04_02_16_39_56/Frame_198676/fly0,2026_04_02_16_39_56,2,198676,0,female,False,False,7,female/apart/floor,0.9997,0.8227,0.752,0.96,,
2026_04_02_16_39_56/Frame_198692/fly0,2026_04_02_16_39_56,2,198692,0,female,False,False,7,female/apart/floor,0.9997,1.1628,0.748,0.98,,
2026_04_02_16_39_56/Frame_198956/fly0,2026_04_02_16_39_56,3,198956,0,female,False,False,7,female/apart/floor,0.9997,1.6561,0.5694,0.98,,
2026_04_02_16_39_56/Frame_199020/fly0,2026_04_02_16_39_56,3,199020,0,female,False,False,7,female/apart/floor,0.9996,0.719,0.5724,1.0,,
2026_04_02_16_39_56/Frame_215745/fly0,2026_04_02_16_39_56,4,215745,0,female,False,False,8,female/apart/floor,0.9943,1.3059,0.6634,0.92,,
2026_04_02_16_39_56/Frame_320499/fly0,2026_04_02_16_39_56,8,320499,0,female,False,False,8,female/apart/floor,0.9994,0.3072,0.617,0.94,,
2026_04_02_16_39_56/Frame_335195/fly0,2026_04_02_16_39_56,9,335195,0,female,False,False,8,female/apart/floor,0.9996,0.5291,0.8683,0.94,,
2026_04_02_16_39_56/Frame_366655/fly0,2026_04_02_16_39_56,10,366655,0,female,False,False,8,female/apart/floor,0.9994,0.8378,0.8983,0.92,,
2026_04_02_16_39_56/Frame_493102/fly0,2026_04_02_16_39_56,14,493102,0,female,False,False,8,female/apart/floor,0.9995,0.4088,0.5953,0.92,,
2026_04_02_16_39_56/Frame_512914/fly0,2026_04_02_16_39_56,15,512914,0,female,False,False,8,female/apart/floor,0.9998,0.8993,0.513,0.98,,
2026_04_02_16_39_56/Frame_513010/fly0,2026_04_02_16_39_56,15,513010,0,female,False,False,8,female/apart/floor,0.9999,1.0619,0.6957,0.94,,
2026_04_02_16_39_56/Frame_513186/fly0,2026_04_02_16_39_56,15,513186,0,female,False,False,8,female/apart/floor,0.9997,0.7034,0.748,0.94,,
2026_04_02_16_39_56/Frame_513202/fly0,2026_04_02_16_39_56,15,513202,0,female,False,False,8,female/apart/floor,0.9997,0.7603,0.6523,0.94,,
2026_04_02_16_39_56/Frame_513314/fly0,2026_04_02_16_39_56,15,513314,0,female,False,False,8,female/apart/floor,0.9997,0.4074,0.6942,0.9,,
2026_04_02_16_39_56/Frame_559747/fly0,2026_04_02_16_39_56,16,559747,0,female,False,False,9,female/apart/floor,0.9996,0.6007,0.5371,0.96,,
2026_04_02_16_56_37/Frame_264071/fly0,2026_04_02_16_56_37,4,264071,0,female,False,False,9,female/apart/floor,0.9995,0.7279,0.736,0.94,,
2026_04_02_16_56_37/Frame_410263/fly0,2026_04_02_16_56_37,5,410263,0,female,False,False,9,female/apart/floor,0.9996,0.4164,0.6152,0.94,,
2026_04_02_16_56_37/Frame_410407/fly0,2026_04_02_16_56_37,5,410407,0,female,False,False,9,female/apart/floor,0.9996,2.211,0.7113,0.92,,
2026_04_02_16_56_37/Frame_410913/fly0,2026_04_02_16_56_37,5,410913,0,female,False,False,9,female/apart/floor,0.9996,0.5322,0.7786,0.9,,
2026_04_02_16_56_37/Frame_532264/fly0,2026_04_02_16_56_37,8,532264,0,female,False,False,9,female/apart/floor,0.9996,0.7734,0.7036,0.9,,
2026_04_02_17_28_34/Frame_575400/fly0,2026_04_02_17_28_34,2,575400,0,female,False,False,9,female/apart/floor,0.9996,0.4237,0.5032,0.96,,
2026_04_02_17_28_34/Frame_575480/fly0,2026_04_02_17_28_34,2,575480,0,female,False,False,9,female/apart/floor,0.9996,0.3721,0.5834,0.96,,
2026_04_02_17_28_34/Frame_604900/fly0,2026_04_02_17_28_34,4,604900,0,female,False,False,9,female/apart/floor,0.9994,1.3133,0.6102,0.98,,
2026_04_02_17_28_34/Frame_605108/fly0,2026_04_02_17_28_34,4,605108,0,female,False,False,9,female/apart/floor,0.9996,0.8973,0.5589,0.96,,
2026_04_02_17_28_34/Frame_605316/fly0,2026_04_02_17_28_34,4,605316,0,female,False,False,10,female/apart/floor,0.9996,1.126,0.5239,0.96,,
2026_04_02_17_28_34/Frame_605380/fly0,2026_04_02_17_28_34,4,605380,0,female,False,False,10,female/apart/floor,0.9994,1.1953,0.6089,0.92,,
2026_04_02_17_28_34/Frame_605956/fly0,2026_04_02_17_28_34,4,605956,0,female,False,False,10,female/apart/floor,0.9997,0.2457,0.8316,0.94,,
2026_04_02_17_28_34/Frame_667154/fly0,2026_04_02_17_28_34,9,667154,0,female,False,False,10,female/apart/floor,0.9989,0.1975,0.6726,0.94,,
2026_04_02_17_28_34/Frame_751903/fly0,2026_04_02_17_28_34,12,751903,0,female,False,False,10,female/apart/floor,0.9994,0.7541,0.4554,0.98,,
2026_04_02_17_28_34/Frame_752463/fly0,2026_04_02_17_28_34,12,752463,0,female,False,False,10,female/apart/floor,0.9996,0.186,0.7123,0.98,,
2026_04_02_17_28_34/Frame_752783/fly0,2026_04_02_17_28_34,12,752783,0,female,False,False,10,female/apart/floor,0.9994,0.9019,0.7362,0.92,,
2026_04_02_17_28_34/Frame_845207/fly0,2026_04_02_17_28_34,14,845207,0,female,False,False,10,female/apart/floor,0.9997,0.1529,0.4873,0.96,,
2026_04_02_17_52_50/Frame_418932/fly0,2026_04_02_17_52_50,1,418932,0,female,False,False,10,female/apart/floor,0.9994,0.6683,0.551,0.98,,
2026_04_02_17_52_50/Frame_475997/fly0,2026_04_02_17_52_50,2,475997,0,female,False,False,10,female/apart/floor,0.9996,2.6201,0.7368,0.92,,
2026_04_02_17_52_50/Frame_476109/fly0,2026_04_02_17_52_50,2,476109,0,female,False,False,11,female/apart/floor,0.9997,1.5608,0.7395,0.92,,
2026_04_02_17_52_50/Frame_476301/fly0,2026_04_02_17_52_50,2,476301,0,female,False,False,11,female/apart/floor,0.9997,0.7029,0.7363,0.9,,
2026_04_02_17_52_50/Frame_476493/fly0,2026_04_02_17_52_50,2,476493,0,female,False,False,11,female/apart/floor,0.9996,0.3643,0.6883,0.94,,
2025_10_20_13_20_04/Frame_392159/fly0,2025_10_20_13_20_04,23,392159,0,female,False,True,11,female/apart/wall,0.9315,1.0039,2.269,0.92,,
2025_10_20_13_20_04/Frame_283314/fly0,2025_10_20_13_20_04,16,283314,0,female,True,False,11,female/contact/floor,0.9634,2.2627,1.3517,0.94,,
2025_10_20_13_20_04/Frame_321179/fly0,2025_10_20_13_20_04,17,321179,0,female,True,False,11,female/contact/floor,0.9995,0.6496,0.6825,0.98,,
2025_10_20_13_20_04/Frame_321195/fly0,2025_10_20_13_20_04,17,321195,0,female,True,False,11,female/contact/floor,0.9994,0.2799,0.7393,0.96,,
2026_04_02_12_11_50/Frame_193443/fly0,2026_04_02_12_11_50,3,193443,0,female,True,False,11,female/contact/floor,0.9992,0.7198,0.6132,0.98,,
2026_04_02_12_11_50/Frame_460648/fly0,2026_04_02_12_11_50,8,460648,0,female,True,False,11,female/contact/floor,0.9976,1.1109,0.9548,0.96,,
2026_04_02_14_54_28/Frame_259186/fly0,2026_04_02_14_54_28,3,259186,0,female,True,False,11,female/contact/floor,0.9995,1.1823,0.5151,0.98,,
2026_04_02_14_54_28/Frame_259826/fly0,2026_04_02_14_54_28,3,259826,0,female,True,False,12,female/contact/floor,0.9986,1.6275,1.0234,0.92,,
2026_04_02_14_54_28/Frame_380954/fly0,2026_04_02_14_54_28,4,380954,0,female,True,False,12,female/contact/floor,0.9987,1.0383,0.6488,0.92,,
2026_04_02_14_54_28/Frame_476521/fly0,2026_04_02_14_54_28,7,476521,0,female,True,False,12,female/contact/floor,0.9991,0.1341,0.6431,0.98,,
2026_04_02_14_54_28/Frame_546996/fly0,2026_04_02_14_54_28,9,546996,0,female,True,False,12,female/contact/floor,0.9995,0.5335,1.1042,0.9,,
2026_04_02_14_54_28/Frame_595459/fly0,2026_04_02_14_54_28,11,595459,0,female,True,False,12,female/contact/floor,0.9997,1.4008,0.7211,0.96,,
2026_04_02_14_54_28/Frame_595854/fly0,2026_04_02_14_54_28,11,595854,0,female,True,False,12,female/contact/floor,0.9994,0.3491,0.9048,0.92,,
2026_04_02_14_54_28/Frame_650290/fly0,2026_04_02_14_54_28,15,650290,0,female,True,False,12,female/contact/floor,0.9996,0.2713,0.6151,0.96,,
2026_04_02_14_54_28/Frame_724870/fly0,2026_04_02_14_54_28,18,724870,0,female,True,False,12,female/contact/floor,0.9996,1.1751,0.5161,0.98,,
2026_04_02_14_54_28/Frame_724966/fly0,2026_04_02_14_54_28,18,724966,0,female,True,False,12,female/contact/floor,0.9995,0.2211,0.5246,0.96,,
2026_04_02_15_25_51/Frame_216675/fly0,2026_04_02_15_25_51,4,216675,0,female,True,False,12,female/contact/floor,0.999,0.5677,1.0383,0.94,,
2026_04_02_15_25_51/Frame_610956/fly0,2026_04_02_15_25_51,22,610956,0,female,True,False,13,female/contact/floor,0.9996,0.2768,0.7833,0.96,,
2026_04_02_15_25_51/Frame_611068/fly0,2026_04_02_15_25_51,22,611068,0,female,True,False,13,female/contact/floor,0.9996,0.2235,0.8469,0.96,,
2026_04_02_15_25_51/Frame_620852/fly0,2026_04_02_15_25_51,24,620852,0,female,True,False,13,female/contact/floor,0.9987,1.6628,0.808,0.92,,
2026_04_02_15_25_51/Frame_620870/fly0,2026_04_02_15_25_51,24,620870,0,female,True,False,13,female/contact/floor,0.9993,2.7877,0.7432,0.92,,
2026_04_02_15_44_42/Frame_300943/fly0,2026_04_02_15_44_42,2,300943,0,female,True,False,13,female/contact/floor,0.9996,0.472,0.4388,0.96,,
2026_04_02_16_03_48/Frame_661902/fly0,2026_04_02_16_03_48,6,661902,0,female,True,False,13,female/contact/floor,0.9995,0.3824,0.7624,0.98,,
2026_04_02_16_03_48/Frame_662609/fly0,2026_04_02_16_03_48,7,662609,0,female,True,False,13,female/contact/floor,0.9995,0.4652,0.5959,0.94,,
2026_04_02_16_21_32/Frame_248824/fly0,2026_04_02_16_21_32,1,248824,0,female,True,False,13,female/contact/floor,0.9997,0.5466,0.691,0.96,,
2026_04_02_16_21_32/Frame_385111/fly0,2026_04_02_16_21_32,7,385111,0,female,True,False,13,female/contact/floor,0.9989,1.885,0.7441,0.9,,
2026_04_02_16_21_32/Frame_505531/fly0,2026_04_02_16_21_32,9,505531,0,female,True,False,13,female/contact/floor,0.9995,0.9576,0.6233,0.96,,
2026_04_02_16_39_56/Frame_198988/fly0,2026_04_02_16_39_56,3,198988,0,female,True,False,14,female/contact/floor,0.9998,1.5633,0.5554,1.0,,
2026_04_02_16_39_56/Frame_295591/fly0,2026_04_02_16_39_56,6,295591,0,female,True,False,14,female/contact/floor,0.9991,0.9485,0.9529,0.9,,
2026_04_02_16_39_56/Frame_335451/fly0,2026_04_02_16_39_56,9,335451,0,female,True,False,14,female/contact/floor,0.9989,1.189,0.8907,0.92,,
2026_04_02_16_39_56/Frame_559683/fly0,2026_04_02_16_39_56,16,559683,0,female,True,False,14,female/contact/floor,0.9996,0.172,0.711,1.0,,
2026_04_02_16_39_56/Frame_598761/fly0,2026_04_02_16_39_56,17,598761,0,female,True,False,14,female/contact/floor,0.9995,0.7751,0.8813,0.9,,
2026_04_02_16_39_56/Frame_599300/fly0,2026_04_02_16_39_56,17,599300,0,female,True,False,14,female/contact/floor,0.9996,0.4023,0.8879,0.9,,
2026_04_02_16_56_37/Frame_410784/fly0,2026_04_02_16_56_37,5,410784,0,female,True,False,14,female/contact/floor,0.9995,2.0278,1.2588,0.92,,
2026_04_02_16_56_37/Frame_410849/fly0,2026_04_02_16_56_37,5,410849,0,female,True,False,14,female/contact/floor,0.9995,1.5932,1.5545,0.92,,
2026_04_02_17_28_34/Frame_465003/fly0,2026_04_02_17_28_34,1,465003,0,female,True,False,14,female/contact/floor,0.9996,0.12,0.5954,0.94,,
2026_04_02_17_28_34/Frame_465291/fly0,2026_04_02_17_28_34,1,465291,0,female,True,False,14,female/contact/floor,0.9995,1.6305,1.0313,0.92,,
2026_04_02_17_28_34/Frame_666866/fly0,2026_04_02_17_28_34,9,666866,0,female,True,False,15,female/contact/floor,0.9996,0.4916,0.6609,0.94,,
2026_04_02_17_52_50/Frame_541362/fly0,2026_04_02_17_52_50,3,541362,0,female,True,False,15,female/contact/floor,0.9987,1.9051,1.1938,0.9,,
2026_04_02_17_52_50/Frame_542275/fly0,2026_04_02_17_52_50,3,542275,0,female,True,False,15,female/contact/floor,0.9996,0.3454,0.5594,0.96,,
2026_04_02_17_52_50/Frame_542371/fly0,2026_04_02_17_52_50,3,542371,0,female,True,False,15,female/contact/floor,0.9996,0.1398,0.629,0.96,,
2025_10_20_13_20_04/Frame_94824/fly1,2025_10_20_13_20_04,3,94824,1,male,False,False,15,male/apart/floor,0.9988,1.8897,0.8092,0.96,,
2025_10_20_13_20_04/Frame_105123/fly1,2025_10_20_13_20_04,4,105123,1,male,False,False,15,male/apart/floor,0.9996,0.148,0.6277,0.98,,
2025_10_20_13_20_04/Frame_258390/fly1,2025_10_20_13_20_04,12,258390,1,male,False,False,15,male/apart/floor,0.9997,0.224,0.5114,1.0,,
2025_10_20_13_20_04/Frame_263569/fly1,2025_10_20_13_20_04,14,263569,1,male,False,False,15,male/apart/floor,0.9994,0.7614,0.6077,0.98,,
2025_10_20_13_20_04/Frame_321051/fly1,2025_10_20_13_20_04,17,321051,1,male,False,False,15,male/apart/floor,0.9998,1.4196,0.4605,0.98,,
2025_10_20_13_20_04/Frame_353946/fly1,2025_10_20_13_20_04,18,353946,1,male,False,False,15,male/apart/floor,0.9997,1.7091,0.5512,1.0,,
2025_10_20_13_20_04/Frame_416504/fly1,2025_10_20_13_20_04,26,416504,1,male,False,False,16,male/apart/floor,0.999,1.0058,0.6184,1.0,,
2025_10_20_13_20_04/Frame_446642/fly1,2025_10_20_13_20_04,28,446642,1,male,False,False,16,male/apart/floor,0.9998,1.804,0.6611,1.0,,
2026_04_02_12_11_50/Frame_181023/fly1,2026_04_02_12_11_50,2,181023,1,male,False,False,16,male/apart/floor,0.9994,2.08,0.4849,0.98,,
2026_04_02_12_11_50/Frame_219664/fly1,2026_04_02_12_11_50,4,219664,1,male,False,False,16,male/apart/floor,0.9999,0.8352,0.6158,0.94,,
2026_04_02_12_11_50/Frame_350850/fly1,2026_04_02_12_11_50,5,350850,1,male,False,False,16,male/apart/floor,0.9997,1.775,0.6489,0.94,,
2026_04_02_12_11_50/Frame_351058/fly1,2026_04_02_12_11_50,5,351058,1,male,False,False,16,male/apart/floor,0.9995,1.5936,0.7426,0.98,,
2026_04_02_12_11_50/Frame_395743/fly1,2026_04_02_12_11_50,7,395743,1,male,False,False,16,male/apart/floor,0.9999,1.1623,0.6292,0.94,,
2026_04_02_12_11_50/Frame_526229/fly1,2026_04_02_12_11_50,10,526229,1,male,False,False,16,male/apart/floor,0.9997,0.5899,0.5179,0.98,,
2026_04_02_12_11_50/Frame_558064/fly1,2026_04_02_12_11_50,11,558064,1,male,False,False,16,male/apart/floor,0.9999,2.6738,0.5234,0.98,,
2026_04_02_12_11_50/Frame_558240/fly1,2026_04_02_12_11_50,11,558240,1,male,False,False,16,male/apart/floor,0.9998,2.8524,0.5816,0.98,,
2026_04_02_14_54_28/Frame_546548/fly1,2026_04_02_14_54_28,9,546548,1,male,False,False,17,male/apart/floor,0.9998,1.6613,0.6134,0.96,,
2026_04_02_14_54_28/Frame_640498/fly1,2026_04_02_14_54_28,13,640498,1,male,False,False,17,male/apart/floor,0.9999,0.481,0.3917,0.92,,
2026_04_02_14_54_28/Frame_640695/fly1,2026_04_02_14_54_28,13,640695,1,male,False,False,17,male/apart/floor,0.9999,0.7629,0.5899,0.96,,
2026_04_02_14_54_28/Frame_640768/fly1,2026_04_02_14_54_28,13,640768,1,male,False,False,17,male/apart/floor,0.9998,2.6207,0.6051,0.96,,
2026_04_02_14_54_28/Frame_640922/fly1,2026_04_02_14_54_28,13,640922,1,male,False,False,17,male/apart/floor,0.9985,1.9375,1.008,0.92,,
2026_04_02_14_54_28/Frame_664640/fly1,2026_04_02_14_54_28,16,664640,1,male,False,False,17,male/apart/floor,0.9997,1.1792,0.6534,0.96,,
2026_04_02_14_54_28/Frame_675745/fly1,2026_04_02_14_54_28,17,675745,1,male,False,False,17,male/apart/floor,0.9996,0.2493,0.5338,1.0,,
2026_04_02_14_54_28/Frame_675777/fly1,2026_04_02_14_54_28,17,675777,1,male,False,False,17,male/apart/floor,0.9994,0.8267,0.4943,1.0,,
2026_04_02_14_54_28/Frame_676049/fly1,2026_04_02_14_54_28,17,676049,1,male,False,False,17,male/apart/floor,0.9986,0.5095,0.5429,0.96,,
2026_04_02_15_25_51/Frame_60596/fly1,2026_04_02_15_25_51,1,60596,1,male,False,False,17,male/apart/floor,0.9999,0.4951,0.6156,0.96,,
2026_04_02_15_25_51/Frame_376716/fly1,2026_04_02_15_25_51,9,376716,1,male,False,False,18,male/apart/floor,0.9999,1.3858,0.5937,0.96,,
2026_04_02_15_25_51/Frame_438270/fly1,2026_04_02_15_25_51,15,438270,1,male,False,False,18,male/apart/floor,0.9998,0.2739,0.6409,0.96,,
2026_04_02_15_25_51/Frame_499120/fly1,2026_04_02_15_25_51,17,499120,1,male,False,False,18,male/apart/floor,0.9999,2.0596,0.467,0.98,,
2026_04_02_15_25_51/Frame_563340/fly1,2026_04_02_15_25_51,20,563340,1,male,False,False,18,male/apart/floor,0.9999,1.2157,0.5624,0.94,,
2026_04_02_15_25_51/Frame_597899/fly1,2026_04_02_15_25_51,21,597899,1,male,False,False,18,male/apart/floor,0.9994,2.4556,0.5395,0.98,,
2026_04_02_15_25_51/Frame_649284/fly1,2026_04_02_15_25_51,26,649284,1,male,False,False,18,male/apart/floor,0.9996,2.7783,0.4461,0.96,,
2026_04_02_15_25_51/Frame_672498/fly1,2026_04_02_15_25_51,27,672498,1,male,False,False,18,male/apart/floor,0.9998,0.6586,0.5689,0.9,,
2026_04_02_15_44_42/Frame_300687/fly1,2026_04_02_15_44_42,2,300687,1,male,False,False,18,male/apart/floor,0.9999,0.7692,0.5497,0.92,,
2026_04_02_15_44_42/Frame_420760/fly1,2026_04_02_15_44_42,4,420760,1,male,False,False,18,male/apart/floor,0.9999,1.6457,0.5651,0.94,,
2026_04_02_15_44_42/Frame_456733/fly1,2026_04_02_15_44_42,5,456733,1,male,False,False,18,male/apart/floor,0.9999,0.1499,0.5727,0.94,,
2026_04_02_15_44_42/Frame_456865/fly1,2026_04_02_15_44_42,5,456865,1,male,False,False,19,male/apart/floor,0.9998,0.2262,0.496,0.96,,
2026_04_02_15_44_42/Frame_556167/fly1,2026_04_02_15_44_42,6,556167,1,male,False,False,19,male/apart/floor,0.9999,1.9859,0.5733,0.98,,
2026_04_02_15_44_42/Frame_556343/fly1,2026_04_02_15_44_42,6,556343,1,male,False,False,19,male/apart/floor,0.9999,2.6454,0.517,0.98,,
2026_04_02_15_44_42/Frame_677158/fly1,2026_04_02_15_44_42,8,677158,1,male,False,False,19,male/apart/floor,0.9999,1.921,0.5076,0.94,,
2026_04_02_16_03_48/Frame_295159/fly1,2026_04_02_16_03_48,1,295159,1,male,False,False,19,male/apart/floor,0.9999,0.8323,0.5784,0.96,,
2026_04_02_16_03_48/Frame_295762/fly1,2026_04_02_16_03_48,1,295762,1,male,False,False,19,male/apart/floor,0.9998,0.3347,0.7298,0.92,,
2026_04_02_16_03_48/Frame_295778/fly1,2026_04_02_16_03_48,1,295778,1,male,False,False,19,male/apart/floor,0.9998,0.5035,0.7563,0.94,,
2026_04_02_16_03_48/Frame_375178/fly1,2026_04_02_16_03_48,2,375178,1,male,False,False,19,male/apart/floor,0.9999,1.7557,0.6669,0.98,,
2026_04_02_16_03_48/Frame_436547/fly1,2026_04_02_16_03_48,3,436547,1,male,False,False,19,male/apart/floor,0.9996,2.4871,0.5964,0.96,,
2026_04_02_16_03_48/Frame_634590/fly1,2026_04_02_16_03_48,5,634590,1,male,False,False,19,male/apart/floor,0.9999,1.3971,0.5053,0.96,,
2026_04_02_16_03_48/Frame_634656/fly1,2026_04_02_16_03_48,5,634656,1,male,False,False,20,male/apart/floor,0.9999,0.9269,0.4406,0.96,,
2026_04_02_16_03_48/Frame_634692/fly1,2026_04_02_16_03_48,5,634692,1,male,False,False,20,male/apart/floor,0.9999,1.8979,0.531,0.96,,
2026_04_02_16_03_48/Frame_634921/fly1,2026_04_02_16_03_48,5,634921,1,male,False,False,20,male/apart/floor,0.9999,1.8659,0.7451,0.92,,
2026_04_02_16_03_48/Frame_635241/fly1,2026_04_02_16_03_48,5,635241,1,male,False,False,20,male/apart/floor,0.9998,1.8162,0.7051,0.92,,
2026_04_02_16_03_48/Frame_635370/fly1,2026_04_02_16_03_48,5,635370,1,male,False,False,20,male/apart/floor,0.9994,1.6028,0.7081,0.94,,
2026_04_02_16_03_48/Frame_635470/fly1,2026_04_02_16_03_48,5,635470,1,male,False,False,20,male/apart/floor,0.9985,0.9503,0.8464,0.9,,
2026_04_02_16_03_48/Frame_661758/fly1,2026_04_02_16_03_48,6,661758,1,male,False,False,20,male/apart/floor,0.9999,1.3666,0.5339,0.98,,
2026_04_02_16_03_48/Frame_661822/fly1,2026_04_02_16_03_48,6,661822,1,male,False,False,20,male/apart/floor,0.9999,1.6942,0.504,0.94,,
2026_04_02_16_03_48/Frame_662417/fly1,2026_04_02_16_03_48,7,662417,1,male,False,False,20,male/apart/floor,0.9999,1.5433,0.5669,0.96,,
2026_04_02_16_21_32/Frame_249804/fly1,2026_04_02_16_21_32,2,249804,1,male,False,False,20,male/apart/floor,0.9998,1.1453,0.5879,0.98,,
2026_04_02_16_21_32/Frame_344754/fly1,2026_04_02_16_21_32,4,344754,1,male,False,False,21,male/apart/floor,0.9998,2.892,0.6828,0.96,,
2026_04_02_16_21_32/Frame_345027/fly1,2026_04_02_16_21_32,4,345027,1,male,False,False,21,male/apart/floor,0.9998,2.5249,0.6436,0.96,,
2026_04_02_16_21_32/Frame_345475/fly1,2026_04_02_16_21_32,4,345475,1,male,False,False,21,male/apart/floor,0.9997,1.4867,0.7243,0.96,,
2026_04_02_16_21_32/Frame_345875/fly1,2026_04_02_16_21_32,4,345875,1,male,False,False,21,male/apart/floor,0.9998,0.914,0.7508,0.94,,
2026_04_02_16_21_32/Frame_506483/fly1,2026_04_02_16_21_32,9,506483,1,male,False,False,21,male/apart/floor,0.9999,1.5557,0.5966,0.96,,
2026_04_02_16_21_32/Frame_506787/fly1,2026_04_02_16_21_32,9,506787,1,male,False,False,21,male/apart/floor,0.9999,1.4657,0.5486,0.98,,
2026_04_02_16_21_32/Frame_506851/fly1,2026_04_02_16_21_32,9,506851,1,male,False,False,21,male/apart/floor,0.9999,1.613,0.4689,0.96,,
2026_04_02_16_21_32/Frame_621164/fly1,2026_04_02_16_21_32,10,621164,1,male,False,False,21,male/apart/floor,0.9998,0.9986,0.6216,0.98,,
2026_04_02_16_21_32/Frame_621244/fly1,2026_04_02_16_21_32,10,621244,1,male,False,False,21,male/apart/floor,0.9998,0.9345,0.6397,0.98,,
2026_04_02_16_21_32/Frame_624533/fly1,2026_04_02_16_21_32,11,624533,1,male,False,False,21,male/apart/floor,0.9998,0.5378,0.5646,0.96,,
2026_04_02_16_39_56/Frame_310676/fly1,2026_04_02_16_39_56,7,310676,1,male,False,False,22,male/apart/floor,0.9995,1.4373,0.4984,0.98,,
2026_04_02_16_39_56/Frame_310871/fly1,2026_04_02_16_39_56,7,310871,1,male,False,False,22,male/apart/floor,0.9999,0.773,0.6049,0.98,,
2026_04_02_16_39_56/Frame_335995/fly1,2026_04_02_16_39_56,9,335995,1,male,False,False,22,male/apart/floor,0.9998,0.7549,0.5927,0.96,,
2026_04_02_16_39_56/Frame_417987/fly1,2026_04_02_16_39_56,12,417987,1,male,False,False,22,male/apart/floor,0.9999,2.61,0.5192,0.96,,
2026_04_02_16_39_56/Frame_418228/fly1,2026_04_02_16_39_56,12,418228,1,male,False,False,22,male/apart/floor,0.9999,1.4038,0.4916,0.98,,
2026_04_02_16_39_56/Frame_418875/fly1,2026_04_02_16_39_56,12,418875,1,male,False,False,22,male/apart/floor,0.9999,1.2388,0.5797,0.96,,
2026_04_02_16_39_56/Frame_442133/fly1,2026_04_02_16_39_56,13,442133,1,male,False,False,22,male/apart/floor,0.9995,0.6368,0.7293,0.96,,
2026_04_02_16_39_56/Frame_493342/fly1,2026_04_02_16_39_56,14,493342,1,male,False,False,22,male/apart/floor,0.9999,1.8706,0.595,0.98,,
2026_04_02_16_39_56/Frame_513010/fly1,2026_04_02_16_39_56,15,513010,1,male,False,False,22,male/apart/floor,0.9999,1.4343,0.5412,0.98,,
2026_04_02_16_39_56/Frame_513426/fly1,2026_04_02_16_39_56,15,513426,1,male,False,False,22,male/apart/floor,0.9999,1.7704,0.5673,0.96,,
2026_04_02_16_39_56/Frame_600509/fly1,2026_04_02_16_39_56,18,600509,1,male,False,False,23,male/apart/floor,0.9995,2.5585,0.5565,0.94,,
2026_04_02_16_56_37/Frame_165502/fly1,2026_04_02_16_56_37,1,165502,1,male,False,False,23,male/apart/floor,0.9998,0.3408,0.4697,0.96,,
2026_04_02_16_56_37/Frame_221204/fly1,2026_04_02_16_56_37,3,221204,1,male,False,False,23,male/apart/floor,0.9998,1.34,0.661,0.96,,
2026_04_02_16_56_37/Frame_502488/fly1,2026_04_02_16_56_37,7,502488,1,male,False,False,23,male/apart/floor,0.9998,1.0703,0.583,0.94,,
2026_04_02_16_56_37/Frame_531928/fly1,2026_04_02_16_56_37,8,531928,1,male,False,False,23,male/apart/floor,0.9999,1.444,0.5452,0.96,,
2026_04_02_16_56_37/Frame_532184/fly1,2026_04_02_16_56_37,8,532184,1,male,False,False,23,male/apart/floor,0.9999,2.3931,0.5637,0.98,,
2026_04_02_17_28_34/Frame_574936/fly1,2026_04_02_17_28_34,2,574936,1,male,False,False,23,male/apart/floor,0.9999,0.9159,0.5686,0.96,,
2026_04_02_17_28_34/Frame_575080/fly1,2026_04_02_17_28_34,2,575080,1,male,False,False,23,male/apart/floor,0.9999,1.0645,0.6461,0.96,,
2026_04_02_17_28_34/Frame_605444/fly1,2026_04_02_17_28_34,4,605444,1,male,False,False,23,male/apart/floor,0.9999,2.0144,0.5489,0.96,,
2026_04_02_17_28_34/Frame_605668/fly1,2026_04_02_17_28_34,4,605668,1,male,False,False,23,male/apart/floor,0.9996,1.3984,0.5589,0.96,,
2026_04_02_17_28_34/Frame_622456/fly1,2026_04_02_17_28_34,7,622456,1,male,False,False,24,male/apart/floor,0.9997,1.696,0.5462,0.96,,
2026_04_02_17_28_34/Frame_667234/fly1,2026_04_02_17_28_34,9,667234,1,male,False,False,24,male/apart/floor,0.9999,1.9721,0.6198,0.96,,
2026_04_02_17_28_34/Frame_723394/fly1,2026_04_02_17_28_34,10,723394,1,male,False,False,24,male/apart/floor,0.9999,1.6199,0.5182,0.96,,
2026_04_02_17_28_34/Frame_751871/fly1,2026_04_02_17_28_34,12,751871,1,male,False,False,24,male/apart/floor,0.9994,0.7285,0.7212,0.96,,
2026_04_02_17_28_34/Frame_753215/fly1,2026_04_02_17_28_34,12,753215,1,male,False,False,24,male/apart/floor,0.9988,0.1722,0.5657,0.96,,
2026_04_02_17_28_34/Frame_803144/fly1,2026_04_02_17_28_34,13,803144,1,male,False,False,24,male/apart/floor,0.9999,1.3156,0.5441,0.92,,
2026_04_02_17_28_34/Frame_803400/fly1,2026_04_02_17_28_34,13,803400,1,male,False,False,24,male/apart/floor,0.9998,0.8928,0.4808,0.98,,
2026_04_02_17_28_34/Frame_845015/fly1,2026_04_02_17_28_34,14,845015,1,male,False,False,24,male/apart/floor,0.9999,1.3146,0.5503,0.96,,
2026_04_02_17_28_34/Frame_862177/fly1,2026_04_02_17_28_34,15,862177,1,male,False,False,24,male/apart/floor,0.9999,0.9586,0.5752,0.98,,
2026_04_02_17_28_34/Frame_862289/fly1,2026_04_02_17_28_34,15,862289,1,male,False,False,24,male/apart/floor,0.9999,1.5092,0.5959,0.98,,
2026_04_02_17_28_34/Frame_862947/fly1,2026_04_02_17_28_34,15,862947,1,male,False,False,25,male/apart/floor,0.9998,0.372,0.991,0.96,,
2026_04_02_17_28_34/Frame_863112/fly1,2026_04_02_17_28_34,15,863112,1,male,False,False,25,male/apart/floor,0.9998,2.8641,1.2669,0.94,,
2026_04_02_17_52_50/Frame_418916/fly1,2026_04_02_17_52_50,1,418916,1,male,False,False,25,male/apart/floor,0.9998,1.8271,0.5798,0.98,,
2026_04_02_17_52_50/Frame_419140/fly1,2026_04_02_17_52_50,1,419140,1,male,False,False,25,male/apart/floor,0.9999,0.6474,0.5432,0.98,,
2026_04_02_17_52_50/Frame_476413/fly1,2026_04_02_17_52_50,2,476413,1,male,False,False,25,male/apart/floor,0.9999,1.0521,0.5287,0.96,,
2026_04_02_17_52_50/Frame_476573/fly1,2026_04_02_17_52_50,2,476573,1,male,False,False,25,male/apart/floor,0.9999,0.4602,0.5126,0.94,,
2026_04_02_17_52_50/Frame_476733/fly1,2026_04_02_17_52_50,2,476733,1,male,False,False,25,male/apart/floor,0.9999,0.6078,0.5168,0.96,,
2025_10_20_13_20_04/Frame_14157/fly1,2025_10_20_13_20_04,1,14157,1,male,True,False,25,male/contact/floor,0.9998,0.4717,0.794,0.9,,
2025_10_20_13_20_04/Frame_14301/fly1,2025_10_20_13_20_04,1,14301,1,male,True,False,25,male/contact/floor,0.9997,2.0102,0.5161,1.0,,
2025_10_20_13_20_04/Frame_220339/fly1,2025_10_20_13_20_04,7,220339,1,male,True,False,25,male/contact/floor,0.9999,0.439,0.5614,0.98,,
2025_10_20_13_20_04/Frame_249114/fly1,2025_10_20_13_20_04,10,249114,1,male,True,False,26,male/contact/floor,0.9997,1.4277,1.2784,0.96,,
2025_10_20_13_20_04/Frame_475892/fly1,2025_10_20_13_20_04,30,475892,1,male,True,False,26,male/contact/floor,0.9996,1.7164,0.8628,0.9,,
2026_04_02_12_11_50/Frame_460680/fly1,2026_04_02_12_11_50,8,460680,1,male,True,False,26,male/contact/floor,1.0,1.3658,0.9558,0.96,,
2026_04_02_12_11_50/Frame_501498/fly1,2026_04_02_12_11_50,9,501498,1,male,True,False,26,male/contact/floor,0.9998,2.1312,0.6093,0.94,,
2026_04_02_14_54_28/Frame_259138/fly1,2026_04_02_14_54_28,3,259138,1,male,True,False,26,male/contact/floor,0.9998,1.3653,0.6472,0.98,,
2026_04_02_14_54_28/Frame_546932/fly1,2026_04_02_14_54_28,9,546932,1,male,True,False,26,male/contact/floor,0.9998,1.1394,1.0439,0.94,,
2026_04_02_14_54_28/Frame_725588/fly1,2026_04_02_14_54_28,19,725588,1,male,True,False,26,male/contact/floor,0.9998,1.1826,0.5643,0.94,,
2026_04_02_14_54_28/Frame_725652/fly1,2026_04_02_14_54_28,19,725652,1,male,True,False,26,male/contact/floor,1.0,1.0758,0.9024,0.9,,
2026_04_02_15_25_51/Frame_85664/fly1,2026_04_02_15_25_51,2,85664,1,male,True,False,26,male/contact/floor,0.9999,1.1154,0.513,0.94,,
2026_04_02_15_25_51/Frame_323632/fly1,2026_04_02_15_25_51,7,323632,1,male,True,False,26,male/contact/floor,0.9999,1.8282,0.5796,0.96,,
2026_04_02_15_25_51/Frame_323760/fly1,2026_04_02_15_25_51,7,323760,1,male,True,False,27,male/contact/floor,0.9999,1.4266,0.5541,0.96,,
2026_04_02_15_25_51/Frame_610432/fly1,2026_04_02_15_25_51,22,610432,1,male,True,False,27,male/contact/floor,0.9999,0.9085,0.4715,0.98,,
2026_04_02_15_25_51/Frame_620578/fly1,2026_04_02_15_25_51,24,620578,1,male,True,False,27,male/contact/floor,0.9999,1.4645,0.5894,0.92,,
2026_04_02_15_25_51/Frame_672818/fly1,2026_04_02_15_25_51,27,672818,1,male,True,False,27,male/contact/floor,0.9999,2.5063,0.5713,0.94,,
2026_04_02_15_25_51/Frame_673042/fly1,2026_04_02_15_25_51,27,673042,1,male,True,False,27,male/contact/floor,0.9999,1.7399,0.6448,0.98,,
2026_04_02_15_44_42/Frame_300431/fly1,2026_04_02_15_44_42,2,300431,1,male,True,False,27,male/contact/floor,0.9999,1.257,0.4639,0.96,,
2026_04_02_15_44_42/Frame_300735/fly1,2026_04_02_15_44_42,2,300735,1,male,True,False,27,male/contact/floor,0.9999,1.3369,0.5757,0.92,,
2026_04_02_15_44_42/Frame_300975/fly1,2026_04_02_15_44_42,2,300975,1,male,True,False,27,male/contact/floor,0.9999,0.1974,0.5626,0.96,,
2026_04_02_15_44_42/Frame_301087/fly1,2026_04_02_15_44_42,2,301087,1,male,True,False,27,male/contact/floor,0.9999,0.4107,0.5345,0.98,,
2026_04_02_16_03_48/Frame_662801/fly1,2026_04_02_16_03_48,7,662801,1,male,True,False,27,male/contact/floor,0.9999,0.9013,0.7161,0.92,,
2026_04_02_16_21_32/Frame_345731/fly1,2026_04_02_16_21_32,4,345731,1,male,True,False,28,male/contact/floor,0.9998,0.3774,0.7324,0.94,,
2026_04_02_16_21_32/Frame_385287/fly1,2026_04_02_16_21_32,7,385287,1,male,True,False,28,male/contact/floor,0.9999,1.1663,0.5702,0.94,,
2026_04_02_16_21_32/Frame_623623/fly1,2026_04_02_16_21_32,11,623623,1,male,True,False,28,male/contact/floor,0.9997,2.3435,0.5821,0.94,,
2026_04_02_16_21_32/Frame_624501/fly1,2026_04_02_16_21_32,11,624501,1,male,True,False,28,male/contact/floor,0.9998,1.7273,0.5573,0.98,,
2026_04_02_16_21_32/Frame_624869/fly1,2026_04_02_16_21_32,11,624869,1,male,True,False,28,male/contact/floor,0.9999,0.2848,0.4746,0.98,,
2026_04_02_16_21_32/Frame_625077/fly1,2026_04_02_16_21_32,11,625077,1,male,True,False,28,male/contact/floor,0.9999,0.2759,0.4996,0.98,,
2026_04_02_16_21_32/Frame_625365/fly1,2026_04_02_16_21_32,11,625365,1,male,True,False,28,male/contact/floor,0.9998,0.8856,0.5796,0.98,,
2026_04_02_16_21_32/Frame_625445/fly1,2026_04_02_16_21_32,11,625445,1,male,True,False,28,male/contact/floor,0.9999,0.9364,0.6187,0.96,,
2026_04_02_16_39_56/Frame_335387/fly1,2026_04_02_16_39_56,9,335387,1,male,True,False,28,male/contact/floor,0.9999,2.3018,0.4997,0.94,,
2026_04_02_16_39_56/Frame_559475/fly1,2026_04_02_16_39_56,16,559475,1,male,True,False,28,male/contact/floor,0.9999,1.3922,0.896,0.92,,
2026_04_02_16_39_56/Frame_598520/fly1,2026_04_02_16_39_56,17,598520,1,male,True,False,29,male/contact/floor,0.9999,2.532,0.5488,0.96,,
2026_04_02_16_39_56/Frame_598942/fly1,2026_04_02_16_39_56,17,598942,1,male,True,False,29,male/contact/floor,0.9999,1.7406,0.6633,0.94,,
2026_04_02_16_56_37/Frame_165678/fly1,2026_04_02_16_56_37,1,165678,1,male,True,False,29,male/contact/floor,0.9999,0.4394,0.5215,0.98,,
2026_04_02_16_56_37/Frame_410817/fly1,2026_04_02_16_56_37,5,410817,1,male,True,False,29,male/contact/floor,1.0,1.4242,0.7096,0.92,,
2026_04_02_16_56_37/Frame_410833/fly1,2026_04_02_16_56_37,5,410833,1,male,True,False,29,male/contact/floor,1.0,1.6569,0.7444,0.9,,
2026_04_02_17_28_34/Frame_723442/fly1,2026_04_02_17_28_34,10,723442,1,male,True,False,29,male/contact/floor,0.9999,2.9047,0.5272,0.98,,
2026_04_02_17_28_34/Frame_862737/fly1,2026_04_02_17_28_34,15,862737,1,male,True,False,29,male/contact/floor,0.9999,1.9583,0.6031,0.96,,
2026_04_02_17_52_50/Frame_541794/fly1,2026_04_02_17_52_50,3,541794,1,male,True,False,29,male/contact/floor,1.0,1.1191,0.7389,0.94,,
2026_04_02_17_52_50/Frame_541890/fly1,2026_04_02_17_52_50,3,541890,1,male,True,False,29,male/contact/floor,1.0,0.499,0.741,0.96,,
2026_04_02_17_52_50/Frame_541954/fly1,2026_04_02_17_52_50,3,541954,1,male,True,False,29,male/contact/floor,1.0,1.2269,0.8481,0.92,,
