bout_idx,bout_id,stop_num,stop_start_frame,stop_end_frame,stop_duration_ms,height_walk_before,height_during_stop,height_walk_after,speed_walk_before,speed_walk_after,delta_walk_to_stop,delta_stop_to_walk
2,2,1,14655,14668,16.25,2.1867819290161132,2.191392722496619,2.1942910690307613,3.412544693411809,2.181725058852708,0.004610793480505748,0.0028983465341423376
2,2,2,14692,14726,42.5,2.1910072860717773,2.196657225664924,2.182337860107422,2.5683859668985183,2.4965581640407324,0.005649939593146858,-0.014319365557502017
2,2,3,14797,14808,13.75,2.164428260803223,2.145773176713423,2.130860076904297,2.798260772416191,3.691610968186377,-0.018655084089799878,-0.014913099809126251
2,2,4,15270,15280,12.5,2.1931150970458986,2.2080820083618162,2.2166595611572264,6.441208008622439,2.794975461912184,0.014966911315917653,0.00857755279541017
2,2,5,15315,15334,23.75,2.2117210693359377,2.224267196655274,2.225738754272461,3.2961565814805187,2.8600130011483538,0.012546127319336353,0.0014715576171870914
2,2,6,15350,15361,13.75,2.2216732788085936,2.2274875640869145,2.2199959335327146,2.3106067596779867,3.5729017017791924,0.005814285278320952,-0.0074916305541998796
2,2,7,15392,15402,12.5,2.2253355178833005,2.2194125747680666,2.2012996902465822,3.2826061482404043,3.2042281695610435,-0.005922943115233892,-0.018112884521484407
2,2,8,15408,15421,16.25,2.221638092041016,2.197133078941932,2.2011982803344727,3.5928542464273154,3.332072313266864,-0.02450501309908404,0.004065201392540629
2,2,9,15463,15499,45.0,2.2005899963378908,2.2005953470865887,2.214751640319824,3.333967923325055,5.005374305283834,5.350748697896535e-06,0.014156293233235306
2,2,10,15607,15623,20.0,2.1964144821166993,2.2001920461654665,2.2124532928466794,3.0500036215056485,1.9051038918863272,0.003777564048767168,0.012261246681212867
2,2,11,15624,15639,18.75,2.197550254821777,2.2046962483723958,2.2260072042775705,2.30472094653587,3.8129467751207105,0.007145993550618623,0.021310955905174733
4,4,1,43691,43702,13.75,2.1446353378295897,2.1607013355601916,2.175463523864746,6.29767511561289,1.6290921895629384,0.01606599773060191,0.014762188304554336
4,4,2,43716,43758,52.5,2.1564716415405276,2.1771780195690336,2.1459381790161136,2.5837056604029125,3.7712457497438026,0.020706378028505945,-0.03123984055291995
5,5,1,47060,47074,17.5,2.038001899719238,2.023624120439802,2.0001762847900393,4.489940566178968,2.576973286183018,-0.014377779279436176,-0.023447835649762716
5,5,2,47139,47149,12.5,1.993660202026367,1.9796519088745117,1.9631579742431642,2.502968936510856,2.9219020926021098,-0.014008293151855256,-0.016493934631347518
5,5,3,47225,47235,12.5,1.9591896438598635,1.9423246765136717,1.9415096511840821,2.7645495163379663,2.6141433262517055,-0.016864967346191806,-0.0008150253295895471
5,5,4,47448,47461,16.25,1.9273500976562499,1.9285426506629357,1.9200789184570315,3.9232249775403454,3.2702426587067457,0.0011925530066858592,-0.00846373220590424
5,5,5,47587,47606,23.75,1.9199027099609378,1.922271708438271,1.9229713516235347,2.534849249499316,4.758538604014771,0.002368998477333184,0.0006996431852637208
8,8,1,93975,93997,27.5,2.0951259460449223,2.112160543961959,2.1237137145996097,7.011276190792325,2.812544692402058,0.017034597917036542,0.011553170637650823
8,8,2,94088,94111,28.75,2.11445142364502,2.1018449036971383,2.0911396484375,2.091926738647088,1.1060885353246297,-0.012606519947881534,-0.010705255259638058
8,8,3,94112,94140,35.0,2.105423355102539,2.094812706538609,2.0779217987060545,1.6777490001500655,1.844647241049588,-0.010610648563929903,-0.016890907832554536
8,8,4,94142,94178,45.0,2.097255058288574,2.0792713589138456,2.0718232421875,1.1005727400127157,5.140019911983359,-0.017983699374728435,-0.007448116726345599
8,8,5,94362,94374,15.0,2.1171075973510742,2.0955419858296715,2.087665245056152,1.9896459065282137,1.6927394492790804,-0.021565611521402683,-0.007876740773519408
8,8,6,94376,94394,22.5,2.1050859374999997,2.0942947599622936,2.0770905609130863,2.110777190971283,8.075500885980153,-0.010791177537706087,-0.017204199049207336
8,8,7,94401,94421,25.0,2.094426658630371,2.08207145690918,2.086775604248047,1.8364483228607107,22.44750076121319,-0.0123552017211912,0.004704147338867148
9,9,1,108411,108425,17.5,2.0752136764526368,2.1085846764700755,2.0934767761230466,4.040248357513523,1.9441644765674357,0.03337100001743876,-0.015107900347028913
9,9,2,108429,108442,16.25,2.091437210083008,2.0931421133188106,2.084593643188476,2.6494281138049187,1.8652542134384589,0.001704903235802746,-0.00854847013033444
9,9,3,108465,108478,16.25,2.0998976821899418,2.076247053879958,2.0418225479125978,1.8641837418174678,2.7750945389252775,-0.02365062830998399,-0.03442450596736002
9,9,4,108479,108493,17.5,2.0912402191162105,2.066902215140206,2.02771516418457,1.8831413726632373,3.392444899253577,-0.024338003976004607,-0.039187050955635794
9,9,5,108610,108621,13.75,2.0377890243530272,2.063982807506214,2.0688987579345706,3.4329985887464884,1.7907743843203372,0.026193783153186878,0.004915950428356464
9,9,6,108623,108635,15.0,2.046643608093262,2.0719668388366697,2.065710792541504,2.7460581924926464,1.8249143297788724,0.0253232307434077,-0.006256046295165518
9,9,7,108636,108657,26.25,2.0570916290283203,2.0707628340948196,2.054923721313477,2.249124282114241,1.814464209165833,0.013671205066499326,-0.015839112781342646
9,9,8,108658,108669,13.75,2.0689766387939454,2.0621100685813207,2.04791145324707,1.9706308907702053,1.8563363999427347,-0.006866570212624712,-0.014198615334250597
9,9,9,108685,108704,23.75,2.065710792541504,2.04723293906764,2.022561729431152,1.8249143297788724,1.580961230238198,-0.018477853473864325,-0.024671209636487834
9,9,10,108713,108727,17.5,2.051125686645508,2.0326532636369974,2.0020730895996093,1.9898534991922612,1.7145831924928778,-0.018472423008510486,-0.030580174037388108
9,9,11,108736,108749,16.25,2.0366540298461913,2.0110684028038612,1.994981719970703,1.7707216595419475,2.672912868279311,-0.025585627042330028,-0.016086682833158283
9,9,12,109302,109313,13.75,1.92423828125,1.9095437483354052,1.8836171684265137,3.9264978682380374,3.4517573580734022,-0.014694532914594882,-0.025926579908891467
9,9,13,109350,109362,15.0,1.8941164741516117,1.8704142252604168,1.8562280960083009,3.7799731898548803,2.8255001184637174,-0.023702248891194877,-0.014186129252115931
9,9,14,109450,109461,13.75,1.8453287353515626,1.8326816905628553,1.8587540969848633,2.4045005281876994,4.6619904406164,-0.012647044788707262,0.02607240642200792
9,9,15,109644,109663,23.75,1.9793955993652343,2.005584154630962,1.9910181350708007,3.3563190537391843,2.509965399091062,0.02618855526572772,-0.014566019560161347
9,9,16,109708,109726,22.5,1.9948825073242191,1.9670459535386824,1.9465935287475586,2.524904856079829,2.7187740886026894,-0.027836553785536733,-0.020452424791123747
9,9,17,109766,109776,12.5,1.9508683547973629,1.9403634262084961,1.9282062988281248,2.860704894302935,1.3333188687918867,-0.010504928588866758,-0.012157127380371335
9,9,18,109779,109823,55.0,1.945761917114258,1.9279666293751108,1.9212176971435548,2.7595415491474737,3.9141542669793226,-0.01779528773914718,-0.006748932231555926
11,11,1,130700,130714,17.5,2.034164810180664,2.050422504970006,2.036995025634766,10.96973954843841,2.6937077330888033,0.016257694789342025,-0.013427479335240022
11,11,2,130718,130741,28.75,2.0429554061889648,2.044966805499534,2.022476844787598,6.386389927741637,1.9825985057350308,0.0020113993105690398,-0.022489960711935986
11,11,3,130746,130758,15.0,2.046104461669922,2.0259900093078613,2.0224121093750003,2.526098807410167,2.322461831991952,-0.020114452362060664,-0.0035778999328610617
11,11,4,130775,130789,17.5,2.0290058670043947,2.0208442960466657,2.028900512695312,1.91491272121924,2.752682684158746,-0.008161570957728959,0.00805621664864642
11,11,5,130790,130801,13.75,2.022827377319336,2.0272602081298827,2.029030609130859,2.400707166701602,3.3727663249360864,0.004432830810546573,0.0017704010009764737
11,11,6,130834,130844,12.5,2.0276080017089844,2.033462905883789,2.0201944961547853,2.9200992563636117,3.1115480372101123,0.005854904174804609,-0.013268409729003672
11,11,7,130872,130886,17.5,2.0252239379882813,2.0220596585954937,2.020750991821289,3.1279366815699587,1.5740596437277576,-0.003164279392787517,-0.0013086667742046032
11,11,8,130902,130990,110.0,2.018813041687012,2.021421016346324,2.09705419921875,2.46537332334013,13.398265199293764,0.0026079746593121733,0.07563318287242593
11,11,9,131213,131233,25.0,2.08033464050293,2.120191020965577,2.1228444976806644,6.771890988343794,2.984684131022255,0.039856380462647056,0.0026534767150874217
11,11,10,131275,131290,18.75,2.1252796936035154,2.1115459696451824,2.083180824279785,3.1028124668110415,2.0137631839184906,-0.013733723958333055,-0.02836514536539747
11,11,11,131302,131312,12.5,2.114856742858887,2.09718147277832,2.060402725219727,2.617842544795287,1.992759090391607,-0.017675270080566907,-0.03677874755859323
11,11,12,131320,131330,12.5,2.1011054382324215,2.0752315521240234,2.0499113388061523,2.1271037055425905,1.5429930567629988,-0.025873886108398025,-0.025320213317871154
11,11,13,131331,131349,22.5,2.0932001724243166,2.0516458935207798,2.042976921081543,2.0215792668920156,1.5986682923166764,-0.0415542789035368,-0.00866897243923681
11,11,14,131356,131368,15.0,2.0655594253540044,2.0513447443644206,2.029119239807129,1.967694157755567,2.729304370393744,-0.014214680989583783,-0.022225504557291664
11,11,15,131371,131399,35.0,2.055331359863281,2.0375561714172363,2.013084419250488,1.6138250087832684,8.257517729473188,-0.017775188446044865,-0.02447175216674813
11,11,16,131648,131664,20.0,2.0544655532836913,2.053350055217743,2.024624858856201,6.065517784378786,2.948662667917306,-0.0011154980659484615,-0.028725196361541805
11,11,17,131721,131733,15.0,2.022648372650146,2.023955345153808,2.018864334106445,2.936744315178185,1.4890157630839345,0.0013069725036620738,-0.005091011047363203
11,11,18,131739,131759,25.0,2.020333641052246,2.0219850349426265,2.0085221252441405,2.6889961709440664,3.902136747967203,0.0016513938903806036,-0.013462909698485959
11,11,19,131760,131775,18.75,2.0224028244018557,2.017175267537435,2.01642586517334,1.8224880373277763,9.688320244062288,-0.00522755686442089,-0.00074940236409482
11,11,20,131777,131790,16.25,2.0209644165039062,2.003463891836313,2.0284291763305666,1.5787412663090228,13.45881821863422,-0.017500524667593442,0.024965284494253837
11,11,21,132105,132116,13.75,2.2411073760986326,2.238044496016069,2.2223103790283205,2.957263069900549,1.7098408259260565,-0.0030628800825636127,-0.015734116987748514
11,11,22,132121,132146,31.25,2.242890701293945,2.229784118652344,2.1944445724487305,2.7476215706326306,1.959545828714664,-0.01310658264160125,-0.03533954620361346
11,11,23,132147,132160,16.25,2.233537185668945,2.2122118729811446,2.17853955078125,2.162986051539099,2.369346980275628,-0.02132531268780058,-0.03367232219989447
12,12,1,137962,138011,61.25,2.1410094299316405,2.1481785054109532,2.1019424972534178,2.931041220472152,2.341654568799785,0.007169075479312781,-0.04623600815753548
14,14,1,149451,149461,12.5,2.08201301574707,2.0762047195434574,2.0605833282470707,3.1838780622628806,1.8647619125611152,-0.005808296203612784,-0.015621391296386733
14,14,2,149482,149501,23.75,2.0742873992919924,2.057296331305253,2.044629814147949,2.588965413243747,2.1558174569372905,-0.016991067986739328,-0.012666517157303936
14,14,3,149534,149547,16.25,2.0494878005981447,2.0422484764686,2.034270210266113,2.094614667320325,2.230916310909165,-0.007239324129544755,-0.007978266202486761
14,14,4,149549,149574,31.25,2.0449212188720707,2.0393992919921873,2.025433044433594,2.1632982458330923,2.6185916943178214,-0.005521926879883399,-0.013966247558593103
14,14,5,149727,149740,16.25,2.0008744201660154,1.984077952458308,1.9829272994995113,3.3687587337873794,2.17118623891053,-0.016796467707707263,-0.001150652958796794
14,14,6,149760,149773,16.25,1.988009391784668,1.9834806002103365,1.97722176361084,2.9079111968244327,1.8531789754434502,-0.004528791574331503,-0.006258836599496442
14,14,7,149775,149787,15.0,1.9851464004516597,1.9761978149414061,1.975323547363281,2.192632589025171,2.0458107657339015,-0.00894858551025357,-0.000874267578125032
14,14,8,149800,149812,15.0,1.981641815185547,1.981575139363607,1.9663522033691405,1.9467541813212512,2.9489988118198984,-6.667582194008759e-05,-0.015222935994466447
14,14,9,149867,149877,12.5,1.96589111328125,1.9711809539794924,1.9683413696289063,3.422231232287598,1.9023384545096986,0.005289840698242454,-0.0028395843505861773
14,14,10,149878,149906,35.0,1.9662091903686523,1.970842279706682,1.956952392578125,3.150804086504546,2.592280983588101,0.00463308933802975,-0.013889887128557099
14,14,11,150032,150044,15.0,1.9485481185913085,1.9420915921529136,1.9341368713378906,3.117344504165701,2.4310443976882534,-0.006456526438394894,-0.00795472081502302
14,14,12,150087,150103,20.0,1.9347062454223631,1.9372511148452758,1.9328606605529786,2.448962940490615,2.3413031397289563,0.0025448694229126545,-0.00439045429229723
15,15,1,162472,162483,13.75,2.161534408569336,2.155394051291726,2.1502741622924804,10.90070570626287,3.5855417712100226,-0.00614035727761042,-0.0051198889992454255
15,15,2,162600,162611,13.75,2.0594396743774412,2.0509348782626065,2.0628823471069335,4.328380579876035,4.471373333782876,-0.00850479611483479,0.01194746884432707
15,15,3,163051,163061,12.5,2.064263534545898,2.027530403137207,2.0103905181884767,2.796093655550302,2.4684475276529985,-0.03673313140869139,-0.01713988494873009
15,15,4,163079,163091,15.0,2.0327998275756833,2.013407834370931,1.9888540420532226,2.714204279526708,5.185700952376107,-0.019391993204752378,-0.02455379231770838
21,21,1,214276,214286,12.5,2.0885587768554688,2.0787005615234375,2.0516073722839354,4.126513379624597,7.095189233263096,-0.00985821533203124,-0.027093189239502102
22,22,1,242845,242866,26.25,2.1864810867309568,2.18285398937407,2.1692020721435545,2.0764373738755215,1.6203237060882836,-0.0036270973568868214,-0.013651917230515398
22,22,2,242875,242888,16.25,2.1837410736083984,2.1689119485708384,2.1661644363403316,1.5735401414007928,2.2672317694688897,-0.014829125037560065,-0.0027475122305067323
22,22,3,242897,242915,22.5,2.1758248748779296,2.164709175957574,2.16118994140625,1.6645419696814348,4.084291959941307,-0.011115698920355577,-0.0035192345513239687
24,24,1,267215,267237,27.5,2.052379547119141,2.0393088774247605,2.04716309767503,8.452907385642884,9.139121686883822,-0.01307066969438031,0.007854220250269606
24,24,2,267240,267254,17.5,2.0498698196411134,2.0668234143938338,2.0331511064009233,3.9284127613568556,14.687271436510022,0.016953594752720402,-0.03367230799291043
27,27,1,317643,317657,17.5,2.1617657546997067,2.1601551055908206,2.159429397583008,3.249340900032812,1.1799780163332012,-0.0016106491088860864,-0.0007257080078124645
27,27,2,317666,317713,58.75,2.163022880554199,2.1582542500597364,2.1396713943481442,2.296590293307258,3.0229638054246015,-0.0047686304944627445,-0.018582855711592128
27,27,3,317728,317739,13.75,2.1566106491088863,2.1465259205211287,2.117679878234863,1.6634809249645042,3.8387148641767252,-0.010084728587757663,-0.02884604228626575
27,27,4,318070,318084,17.5,2.1272571258544923,2.117721857343401,2.1008496780395505,2.525231047207923,2.8138793876803403,-0.00953526851109121,-0.016872179303850654
27,27,5,318089,318104,18.75,2.122002136230469,2.105295639038086,2.0927757263183593,2.5704233919319095,2.089144027281315,-0.01670649719238293,-0.012519912719726634
27,27,6,318142,318153,13.75,2.0969853134155274,2.087529199773615,2.0658472824096683,2.1759020293186566,1.8112423858192646,-0.009456113641912456,-0.021681917363946646
27,27,7,318154,318166,15.0,2.0927757263183593,2.0758180618286133,2.0606588713976803,2.089144027281315,2.127157442365777,-0.016957664489746005,-0.015159190430932945
27,27,8,318170,318188,22.5,2.085019889831543,2.064477157592773,2.0566485793502247,2.0101329190565633,2.640572752343076,-0.0205427322387699,-0.007828578242548456
28,28,1,319283,319298,18.75,2.0484161148071287,2.0426570638020833,2.0345953063964846,2.4757363331852256,3.3477515189966995,-0.005759051005045368,-0.00806175740559878
28,28,2,319302,319313,13.75,2.0440648803710935,2.0423061717640274,2.0305657272338866,2.1028883314751172,5.467048995914904,-0.0017587086070660618,-0.011740444530140781
30,30,1,343587,343598,13.75,1.949242141723633,1.947638737071644,1.9278080558776858,7.1199124957757505,4.724154357278726,-0.0016034046519890488,-0.019830681193958144
30,30,2,344195,344212,21.25,1.9709316177368164,1.9561367259306066,1.9775120315551755,8.979201371526836,9.993427787515833,-0.014794891806209742,0.021375305624568908
30,30,3,344576,344592,20.0,1.968302185058594,1.9851909160614014,1.9856169662475585,4.936816236383031,3.0324632301430596,0.01688873100280741,0.0004260501861570454
30,30,4,344624,344640,20.0,1.9856118164062502,1.9851721048355104,1.9796772994995118,2.899435727179335,3.2942136963490825,-0.00043971157073974254,-0.005494805335998665
30,30,5,344674,344684,12.5,1.982705291748047,1.976949615478516,1.9615434646606444,3.3760294964448945,1.6131773814374681,-0.005755676269530996,-0.015406150817871556
30,30,6,344695,344769,92.5,1.9783662796020505,1.9566416611542572,1.969072509765625,3.2322137618222997,2.4237428138008976,-0.021724618447793276,0.012430848611367784
30,30,7,344798,344810,15.0,1.9649597015380857,1.969703165690104,1.9550116119384768,2.0929171621572586,0.9664423553010352,0.004743464152018317,-0.014691553751627229
30,30,8,344814,345066,315.0,1.9692669830322271,1.9424594667222765,1.9352449645996095,2.436715417998594,1.224326914073877,-0.026807516309950596,-0.007214502122667055
30,30,9,345075,345098,28.75,1.9375275802612304,1.9351549729056983,1.9373820266723631,1.0093977893693717,1.018342814644153,-0.0023726073555321303,0.002227053766664877
30,30,10,345101,345180,98.75,1.93596875,1.9337748467167717,1.9671523742675783,1.2873212113074801,3.2988952299131333,-0.0021939032832283267,0.033377527550806585
30,30,11,345184,345197,16.25,1.9315443725585937,1.947334494957557,1.9845282821655272,1.2108202342282737,4.3541667923075185,0.01579012239896338,0.037193787207970175
30,30,12,345328,345344,20.0,1.9376519737243652,1.940988266468048,1.93869153213501,3.7357443858806016,3.7406393841522787,0.003336292743682856,-0.0022967343330380086
30,30,13,345479,345489,12.5,1.9242521972656248,1.9118916702270508,1.9072866363525391,3.1799485804985896,2.8099855804223957,-0.012360527038574043,-0.00460503387451161
30,30,14,345506,345518,15.0,1.9144408721923827,1.9062012036641438,1.9064938735961912,3.2481557960203853,2.5604390418438836,-0.008239668528238875,0.00029266993204735137
30,30,15,345545,345558,16.25,1.9069627914428713,1.906956569965069,1.9039413528442382,2.9060370441298913,2.266985582973853,-6.22147780227067e-06,-0.00301521712083086
30,30,16,345604,345619,18.75,1.9042112121582033,1.9034646860758462,1.9058581695556642,2.4050136381642298,2.4107554379506526,-0.0007465260823571462,0.002393483479818048
30,30,17,345621,345632,13.75,1.9037880630493165,1.9030907024036756,1.909017845153809,2.3957053102938812,2.489029273798118,-0.0006973606456408543,0.005927142750133285
30,30,18,345662,345677,18.75,1.9046274414062498,1.9139342753092448,1.9188056869506835,2.390718982220416,2.556782663297067,0.009306833902994915,0.004871411641438783
30,30,19,345751,345769,22.5,1.914865310668945,1.910428704155816,1.8929838485717772,2.136234097833965,5.512999783684621,-0.00443660651312916,-0.017444855584038743
39,39,1,451400,451415,18.75,2.0517380981445315,2.0542145029703773,2.0487248382568364,3.924841659516923,3.2465427018211157,0.0024764048258458793,-0.005489664713540954
39,39,2,451446,451456,12.5,2.051358848571777,2.045916519165039,2.0487458877563482,3.0010518371378203,1.6807066674482891,-0.005442329406737834,0.0028293685913092226
39,39,3,451467,451504,46.25,2.0486355361938475,2.0488683236611855,2.0319785614013672,3.1406648628254072,2.095662578415877,0.0002327874673380137,-0.01688976225981831
39,39,4,451537,451549,15.0,2.0389466552734374,2.0265525817871093,2.0224127883911134,2.153848641267856,2.1501241616596696,-0.01239407348632815,-0.0041397933959959055
39,39,5,451564,451591,33.75,2.0282169189453128,2.025569491916233,2.0199573059082034,2.203471276229013,3.218287246839069,-0.0026474270290797186,-0.005612186008029596
39,39,6,451627,451637,12.5,2.0213231353759764,2.017392997741699,2.016119064331055,3.0850687665685625,2.7168915997358973,-0.0039301376342772976,-0.0012739334106441902
39,39,7,451689,451704,18.75,2.0162024993896486,2.0201118214925127,2.017151695251465,2.8038019052912424,2.6663989397646417,0.003909322102864099,-0.002960126241047689
39,39,8,451728,451740,15.0,2.0182785186767576,2.0197986602783207,2.018700119018555,2.350483029618219,3.7749365443582095,0.0015201416015631075,-0.0010985412597657174
40,40,1,457855,457866,13.75,2.0303441390991206,2.0528901880437678,1.9957560806274415,2.49810560942643,9.910283174152077,0.02254604894464718,-0.057134107416326296
40,40,2,457869,457885,20.0,2.042721580505371,2.0347899436950683,1.9883061447143555,2.1893318141136895,15.293001609806511,-0.007931636810302845,-0.046483798980712754
40,40,3,458673,458689,20.0,2.037755271911621,2.017315673828125,1.977756233215332,2.5923677672833847,2.3743897934087075,-0.020439598083496158,-0.03955944061279282
40,40,4,458772,458790,22.5,1.9712052230834962,1.9502816094292532,1.8697394943237307,2.5954779622986734,6.714616478170955,-0.020923613654243,-0.08054211510552256
41,41,1,481754,481784,37.5,2.1312562561035158,2.1447835795084638,2.1492292556762695,6.018134519416727,3.2895740441852763,0.013527323404948,0.004445676167805779
41,41,2,481830,481842,15.0,2.150335594177246,2.1327747980753577,2.0668816757202153,3.303734656638293,6.706092389909062,-0.017560796101888432,-0.06589312235514244
41,41,3,481843,481859,20.0,2.1453320922851558,2.1185680389404298,2.0299320640563967,2.751942723466248,12.104417046678755,-0.02676405334472598,-0.08863597488403308
44,44,1,535103,535115,15.0,1.8153064765930174,1.8185962677001954,1.8105402565002442,2.8362403089338053,3.349113628450535,0.003289791107178086,-0.008056011199951252
44,44,2,535160,535172,15.0,1.8127609176635742,1.7987631479899087,1.7980534629821778,3.3513449530754693,2.7870462270728633,-0.013997769673665506,-0.0007096850077308314
44,44,3,535178,535188,12.5,1.807817283630371,1.80196102142334,1.8035670814514162,3.0623886612875175,3.2069467810795276,-0.00585626220703106,0.0016060600280762838
44,44,4,535273,535284,13.75,1.8061747894287108,1.7971659400246358,1.80124275970459,2.9021997208153145,2.5498445706966413,-0.009008849404074981,0.004076819679954102
44,44,5,535333,535349,20.0,1.8010240325927733,1.7985188245773316,1.8100234375000002,2.5777914273901734,1.3717826231764125,-0.00250520801544174,0.011504612922668578
44,44,6,535351,535405,67.5,1.801639087677002,1.8092782656351725,1.8273456497192382,2.3439947278703106,3.7023551878701926,0.007639177958170373,0.01806738408406572
46,46,1,543314,543331,21.25,1.9915310974121092,2.053441956463982,2.0279573440551757,4.3939763992032255,2.254238959499917,0.06191085905187288,-0.025484612408806395
46,46,2,543338,543349,13.75,2.032101737976074,2.053409229625355,1.9890667266845705,2.3449763491299924,6.3618920468483235,0.02130749164928103,-0.06434250294078447
46,46,3,543745,543756,13.75,1.929324905395508,1.9225791931152343,1.887568744860197,2.2212440133813334,2.370812651665538,-0.0067457122802736524,-0.035010448255037296
46,46,4,543763,543780,21.25,1.9268322525024417,1.88883633333094,1.8740730013166156,2.1235945633444007,2.916461135430265,-0.0379959191715018,-0.014763332014324337
47,47,1,552349,552388,48.75,2.0447663497924804,2.080931560809796,2.0792789654854014,5.814835646295608,2.954483892945781,0.036165211017315624,-0.0016525953243946567
47,47,2,552390,552416,32.5,2.0793410415649416,2.0818472935603216,2.072593376853249,1.3994324207262225,6.414137825971299,0.0025062519953800155,-0.009253916707072651
51,51,1,580627,580638,13.75,2.0134931221008303,2.0379826285622338,2.0498306922912595,4.696136857409161,2.7212116870177203,0.024489506461403465,0.011848063729025693
51,51,2,580652,580664,15.0,2.034180236816406,2.0704015413920085,2.031191268920899,2.5600515812393785,3.342459236218968,0.03622130457560235,-0.03921027247110942
51,51,3,580717,580733,20.0,2.028487678527832,2.006232118606567,2.001450973510742,3.420615121629428,1.760501460715104,-0.022255559921264823,-0.004781145095825057
51,51,4,580741,580766,31.25,2.016584808349609,2.003769348144531,1.98200186920166,2.538137709684331,3.6929726238471563,-0.012815460205077844,-0.02176747894287101
51,51,5,580773,580784,13.75,2.0030142822265624,1.9971304806795986,1.9783861846923825,1.8866454579859397,5.780156001112294,-0.005883801546963774,-0.018744295987216164
51,51,6,581449,581459,12.5,1.9560098419189453,1.969397735595703,1.9490788192749025,11.422640348437996,8.446949688207436,0.013387893676757745,-0.02031891632080063
51,51,7,581460,581471,13.75,1.9548695602416997,1.978234932639382,1.9465490913391112,8.190114069925032,10.177611402003855,0.023365372397682327,-0.031685841300270745
58,58,1,663480,663495,18.75,2.018047569274902,2.0131562042236326,2.0001301040649415,5.109627557353258,3.2159049343004473,-0.004891365051269414,-0.0130261001586911
58,58,2,663500,663510,12.5,2.011493774414063,2.005521469116211,1.998348434448242,3.9601745024146187,3.5252902875564223,-0.005972305297851754,-0.007173034667969036
58,58,3,663572,663584,15.0,1.9974557113647464,1.993958568572998,1.98205802154541,3.2084524485116197,2.9508445874807148,-0.0034971427917485087,-0.011900547027587915
58,58,4,663788,663800,15.0,1.9676912841796874,1.967415237426758,1.963582534790039,3.755221054374599,2.7023862738902134,-0.0002760467529294708,-0.0038327026367188655
58,58,5,663848,663899,63.75,1.9635401306152347,1.9555315503887098,1.9517700805664062,2.7783236428205083,2.6355090505032215,-0.008008580226524842,-0.0037614698223036314
58,58,6,663938,663948,12.5,1.9526983184814455,1.9492288970947265,1.9413030776977538,2.6271238627191953,1.8097067519594179,-0.0034694213867190182,-0.007925819396972678
58,58,7,663965,663985,25.0,1.9495216979980472,1.9413874053955076,1.9427652130126953,2.654568945176514,3.3248245094709112,-0.008134292602539617,0.001377807617187754
58,58,8,664029,664044,18.75,1.9416360473632812,1.9502863820393879,1.9436611404418942,3.371010515913382,2.609436213985453,0.008650334676106652,-0.00662524159749367
58,58,9,664045,664056,13.75,1.9460559921264649,1.9431977358731354,1.9432262420654296,3.3234957072855185,3.44117653017794,-0.002858256253329472,2.85061922942198e-05
58,58,10,664204,664230,32.5,1.9304087677001953,1.9275660588191106,1.9290617980957032,3.3402499439113016,2.2135689725355405,-0.0028427088810847323,0.0014957392765926336
58,58,11,664301,664328,33.75,1.930126647949219,1.9230266712330004,1.9262321319580078,3.34490883226972,2.855808699456214,-0.007099976716218537,0.0032054607250073808
58,58,12,664332,664344,15.0,1.9252424774169925,1.9268581390380854,1.9263763961791995,3.057098775721279,3.017582439742523,0.0016156616210929453,-0.00048174285888591406
58,58,13,664398,664424,32.5,1.9263336944580078,1.9235104340773361,1.921027946472168,3.0997854403950935,2.9626269339432834,-0.0028232603806717105,-0.0024824876051681155
58,58,14,664491,664501,12.5,1.9218683319091798,1.9190858459472657,1.9169591598510742,2.404338105701388,2.530531187869708,-0.002782485961914105,-0.002126686096191488
58,58,15,664549,664573,30.0,1.917148284912109,1.919005012512207,1.9156612625122074,2.732076776779707,2.1694861833046075,0.0018567276000978072,-0.0033437499999995346
58,58,16,664632,664643,13.75,1.9148754806518555,1.9183357238769532,1.9188045806884764,2.121444275263704,1.8135015992903871,0.0034602432250976367,0.00046885681152319947
58,58,17,664644,664656,15.0,1.9148897857666014,1.9148618698120117,1.9216615524291993,2.1479981934627683,1.793771210219037,-2.7915954589730063e-05,0.006799682617187663
58,58,18,664659,664681,27.5,1.915875114440918,1.9194900165904654,1.9221632080078126,1.948772853335969,1.9573963916466963,0.0036149021495472944,0.0026731914173472315
58,58,19,664692,664705,16.25,1.9186607971191407,1.9258053706242486,1.918527702331543,1.899953999331903,1.7970695419000415,0.007144573505107887,-0.007277668292705597
58,58,20,664728,664745,21.25,1.9225151901245114,1.9159092173856849,1.9144900054931642,1.9667391793028335,2.4993546602760723,-0.006605972738826571,-0.0014192118925206998
58,58,21,664746,664759,16.25,1.9201027069091798,1.9172653491680438,1.9130269546508787,1.750480721654371,2.6367837727346783,-0.0028373577411360262,-0.004238394517165123
58,58,22,664799,664823,30.0,1.914290115356445,1.9117368221282962,1.9125305786132816,2.5564462811750923,2.1122000080426875,-0.0025532932281489007,0.000793756484985364
59,59,1,666926,666943,21.25,1.847479415893555,1.8478915943818934,1.839113914489746,2.5641425908581197,5.0364285682143395,0.00041217848833841053,-0.008777679892147505
60,60,1,678237,678248,13.75,1.9575701446533205,1.991046905517578,1.9759713363647462,7.290633960481641,4.15612722150684,0.03347676086425744,-0.015075569152831703
60,60,2,678258,678274,20.0,1.9876374740600589,1.9755767822265624,1.9611490478515627,3.65349728896263,6.206395824819829,-0.01206069183349645,-0.014427734374999668
62,62,1,700877,700890,16.25,2.011778781890869,1.9860254434438855,1.989925370392976,3.045173519390864,2.8158009560207122,-0.025753338446983465,0.003899926949090471
68,68,1,787982,788003,26.25,2.003372604370117,2.0105257670084637,1.9949720993041993,4.706004608857347,2.460627689297972,0.007153162638346533,-0.015553667704264473
68,68,2,788025,788036,13.75,2.0061523971557618,1.9936991951682352,1.9816269836425784,2.36528366560447,2.705836332866628,-0.01245320198752653,-0.01207221152565685
68,68,3,788441,788455,17.5,2.080299324035644,2.0919628143310547,2.0957622222900394,8.748862644241095,2.7992653801035665,0.011663490295410472,0.003799407958984702
68,68,4,788485,788504,23.75,2.1002224426269533,2.0821321989360615,2.0571350479125976,3.226042839630877,2.069740036394295,-0.01809024369089185,-0.024997151023463893
68,68,5,788543,788559,20.0,2.065735610961914,2.038218069076538,2.021504241943359,2.2396190012105293,1.7056998418221405,-0.02751754188537614,-0.016713827133179038
68,68,6,788570,788581,13.75,2.0437812271118165,2.029413986206055,2.004109046936035,1.9430384861098513,1.8152415790186294,-0.01436724090576158,-0.025304939270019755
68,68,7,788587,788605,22.5,2.033726516723633,2.0148578643798825,1.9909215087890622,1.7837007362619193,2.068347460982671,-0.01886865234375046,-0.023936355590820302
68,68,8,788612,788623,13.75,2.0196329040527345,1.989748972112482,1.986196601867676,1.786117036793857,2.6599226977064405,-0.029883931940252628,-0.0035523702448059247
68,68,9,788625,788639,17.5,2.0092816696166995,1.987731007167271,1.9815375900268553,1.8218350745274046,2.6431936856621054,-0.021550662449428604,-0.006193417140415658
68,68,10,788732,788742,12.5,1.9475788116455077,1.9372011947631838,1.8876755981445315,2.844133802937146,2.599569527900526,-0.01037761688232397,-0.0495255966186523
68,68,11,788766,788776,12.5,1.9178736267089844,1.8813797378540038,1.8987364730834961,3.091582870585119,2.652299960971555,-0.036493888854980616,0.017356735229492326
74,74,1,862450,862490,50.0,2.0751050415039063,2.0794114303588866,2.072090301513672,3.8540564784067057,2.7479203371492154,0.004306388854980359,-0.007321128845214631
76,76,1,882116,882136,25.0,2.128978858947754,2.109014682769776,2.078515144348144,2.750398015997741,2.3501235273449974,-0.019964176177977855,-0.030499538421632
76,76,2,882192,882210,22.5,2.073302947998047,2.0561485926310223,2.046630065917969,2.229417798634171,7.841692605599346,-0.01715435536702481,-0.009518526713053532
77,77,1,903828,903839,13.75,2.228835289001465,2.213393332741477,2.188249244689941,4.614264546390391,3.2041700135801845,-0.015441956259988121,-0.025144088051535896
79,79,1,937922,937950,35.0,1.9826975784301755,2.0240533147539415,2.022254196166992,3.285722887118663,2.3294438997866966,0.04135573632376599,-0.0017991185869492554
79,79,2,937960,937982,27.5,2.0225033111572266,2.0261479464444245,1.9908492813110348,2.21768744201714,3.6953018269079974,0.0036446352871979393,-0.03529866513338975
79,79,3,938136,938158,27.5,1.9398010559082033,1.9325448989868166,1.919565399169922,3.003907022790499,1.6251990875408626,-0.007256156921386703,-0.012979499816894613
79,79,4,938159,938170,13.75,1.9352063140869142,1.9247703205455435,1.9162487258911136,2.2556180132092307,2.058916200676401,-0.010435993541370703,-0.00852159465442992
79,79,5,938179,938204,31.25,1.930009620666504,1.9169644622802733,1.9094567070007327,1.6764925913181765,3.8567377789536987,-0.01304515838623077,-0.007507755279540618
81,81,1,950258,950271,16.25,2.0234416122436523,2.0240355271559496,2.00112939453125,2.6994673034072036,6.682002163718623,0.000593914912297322,-0.022906132624699538
84,84,1,997387,997404,21.25,1.8952679443359375,1.8943030862247245,1.9019549560546876,3.496821786225068,3.646896186976653,-0.0009648581112129406,0.0076518698299630206
84,84,2,997556,997588,40.0,1.9037257232666016,1.900255048274994,1.897962631225586,2.632194336565725,2.9808021994567624,-0.0034706749916075808,-0.0022924170494080798
84,84,3,997638,997659,26.25,1.897962631225586,1.9039887019566126,1.9041514053344724,2.9808021994567624,2.9791941318741326,0.006026070731026678,0.00016270337785972977
84,84,4,997689,997702,16.25,1.9052486343383788,1.9008706312913157,1.8988657302856444,2.3805536615550524,3.356949192035848,-0.004378003047063039,-0.0020049010056713
84,84,5,997738,997756,22.5,1.8995128173828122,1.8995988210042316,1.9027836303710939,3.3586193402877624,4.207998372124766,8.600362141941709e-05,0.0031848093668622734
84,84,6,997815,997829,17.5,1.901636749267578,1.904894474574498,1.904873222351074,3.935447555576417,3.674081423402969,0.003257725306919923,-2.125222342397315e-05
84,84,7,997873,997893,25.0,1.905461280822754,1.9025526618957518,1.904267158508301,3.7534988887413987,2.459907933228789,-0.0029086189270022267,0.0017144966125492989
84,84,8,997896,997907,13.75,1.904790840148926,1.9043402931906959,1.902784278869629,2.862868041814831,2.643144299091134,-0.0004505469582301025,-0.0015560143210668897
84,84,9,997931,997942,13.75,1.9042342224121094,1.9036135586825287,1.8988548583984375,2.350212848999328,2.527727712402015,-0.0006206637295806949,-0.0047587002840912
84,84,10,997947,997976,36.25,1.9038775711059572,1.8978854869974071,1.8967108383178708,2.642277513805545,3.5242483636342556,-0.005992084108550122,-0.0011746486795363165
84,84,11,998012,998023,13.75,1.8988209304809573,1.8891617514870385,1.879751266479492,3.18792734627829,3.7358251065876047,-0.009659178993918882,-0.009410485007546487
84,84,12,998071,998083,15.0,1.8798125305175781,1.8881781260172528,1.8857428512573242,3.8934596539925526,2.6030075226016676,0.008365595499674638,-0.002435274759928552
84,84,13,998132,998149,21.25,1.8857534790039063,1.8857210944680607,1.8891519317626952,2.6150527386456006,3.6752143905328967,-3.238453584564205e-05,0.003430837294634559
84,84,14,998250,998261,13.75,1.8894023666381836,1.887797442349521,1.8831815795898437,3.339443490074825,4.068940845777988,-0.001604924288662657,-0.004615862759677292
84,84,15,998646,998658,15.0,1.8907457962036134,1.8979678789774574,1.8977089996337893,3.6281198959222665,3.814995586615872,0.007222082773844063,-0.00025887934366819465
84,84,16,999165,999179,17.5,1.8771162033081055,1.869560432434082,1.8600599822998047,2.329147730015881,2.6916550154494354,-0.007555770874023482,-0.00950045013427725
84,84,17,999188,999198,12.5,1.8734927368164063,1.8688561248779298,1.8536634826660159,1.9596089121353195,3.772719333099842,-0.00463661193847642,-0.015192642211913965
84,84,18,999204,999214,12.5,1.8699163360595705,1.8498019027709962,1.8535520858764645,2.018184664927029,4.013417397737612,-0.020114433288574318,0.0037501831054682633
84,84,19,999437,999448,13.75,1.8870064163208007,1.8823827570134943,1.8877490768432617,3.4204897103622858,2.928265644213113,-0.004623659307306349,0.005366319829767319
84,84,20,999636,999648,15.0,1.8576101913452145,1.8449736277262374,1.8395957031249999,3.1237630289142317,1.7459367686611744,-0.012636563618977137,-0.005377924601237538
84,84,21,999650,999670,25.0,1.8501763381958007,1.839311943054199,1.840501884460449,2.610048589700094,1.9116628229693746,-0.010864395141601646,0.0011899414062499503
84,84,22,999697,999711,17.5,1.8396584625244143,1.841324261256627,1.8390787353515625,1.8546195983360858,1.746802249621927,0.00166579873221262,-0.0022455259050644383
84,84,23,999727,999748,26.25,1.840621795654297,1.8394627344040644,1.8394517440795897,1.885921457222012,1.5884898537068848,-0.0011590612502325737,-1.0990324474713375e-05
84,84,24,999749,999761,15.0,1.8399855194091796,1.837786897023519,1.8389010696411134,1.6639200503347962,1.7029405208556836,-0.002198622385660709,0.0011141726175945
84,84,25,999770,999780,12.5,1.8387379302978513,1.8414282989501956,1.837049278259277,1.6357667397573794,2.21538856490007,0.0026903686523442882,-0.004379020690918445
84,84,26,999795,999810,18.75,1.839259307861328,1.836123046875,1.834400466918945,1.6222646265898775,2.9160731046793584,-0.00313626098632791,-0.0017225799560549593
84,84,27,999923,999934,13.75,1.8529514083862304,1.862415105646307,1.8532016067504884,3.375224461056251,3.4153761897144093,0.009463697260076565,-0.009213498895818573
84,84,28,999969,999981,15.0,1.855148864746094,1.8560473124186199,1.8522284240722655,3.1823421812472863,3.886412923401552,0.0008984476725257817,-0.0038188883463543544
84,84,29,1000023,1000033,12.5,1.854136489868164,1.8463325500488281,1.8405315856933593,3.9103258393481837,3.3370818255052725,-0.007803939819335914,-0.005800964355468841
84,84,30,1000410,1000423,16.25,1.8394705505371092,1.8357957986684945,1.8390501098632814,3.157629993286828,2.0175950750677982,-0.0036747518686146563,0.0032543111947869185
84,84,31,1000466,1000489,28.75,1.8386332321166992,1.8391101339588996,1.8226628189086913,2.0343931103986814,3.0699832187875153,0.00047690184220039455,-0.016447315050208244
84,84,32,1000497,1000509,15.0,1.8370929260253908,1.8248941421508789,1.8238311233520508,1.9693557560602266,3.269475525580222,-0.012198783874511898,-0.001063018798828086
84,84,33,1000725,1000744,23.75,1.8272848281860354,1.8473876350804381,1.8452684020996093,2.6816676315202015,4.225437291345355,0.02010280689440269,-0.0021192329808288335
84,84,34,1001034,1001049,18.75,1.84081812286377,1.839280014038086,1.8321271667480465,3.927200458516593,2.268664656856893,-0.0015381088256838371,-0.00715284729003951
84,84,35,1001144,1001164,25.0,1.8452905349731443,1.838570098876953,1.8508445205688475,3.000886625073344,4.31232085042233,-0.006720436096191218,0.01227442169189441
88,88,1,1038672,1038691,23.75,1.9460932413736982,1.9518633189954258,1.948886848449707,3.928277119145239,2.1611234206711143,0.005770077621727543,-0.0029764705457187013
88,88,2,1038692,1038714,27.5,1.9506285887498118,1.949336450750178,1.9464167938232424,2.4318592448822773,3.3283551977433343,-0.0012921379996337912,-0.002919656926935632
88,88,3,1039541,1039551,12.5,2.055430358886719,2.060509071350098,2.026688621520996,3.9194405487978106,5.29890568701555,0.005078712463379098,-0.03382044982910193
92,92,1,1131742,1131752,12.5,1.7994504623413088,1.7705901718139647,1.767364891052246,4.214816196429429,3.7879048949313874,-0.028860290527344068,-0.003225280761718796
92,92,2,1131765,1131776,13.75,1.7850482139587402,1.766633571277965,1.7614944801330568,3.837074296954527,3.9100345903111466,-0.018414642680775195,-0.005139091144908292
94,94,1,1170848,1170860,15.0,1.7443044142289592,1.7422852516174316,1.7466736717224123,4.610248714013783,6.198488031089022,-0.0020191626115275696,0.004388420104980639
94,94,2,1171910,1171922,15.0,2.0009037399291993,1.993668778737386,1.9842070465087889,2.6373195846573125,2.6651642202518664,-0.007234961191813438,-0.00946173222859703
94,94,3,1171923,1171944,26.25,1.9986918487548828,1.9854918616158617,1.9837356071472165,2.4686465474015242,2.5870195260910043,-0.013199987139021152,-0.0017562544686451353
94,94,4,1171984,1172000,20.0,1.9833474807739255,1.985819625854492,1.9861959152221684,2.8368982491494976,4.403483228229429,0.002472145080566479,0.00037628936767641896
98,98,1,1207700,1207716,20.0,1.8832943725585938,1.8794622659683227,1.9107976684570311,6.986170542650174,2.896301006615755,-0.0038321065902711116,0.031335402488708475
98,98,2,1207728,1207741,16.25,1.8747407531738278,1.9103773263784554,1.91157275390625,2.362622851131785,3.09442123755057,0.03563657320462754,0.001195427527794557
99,99,1,1214085,1214095,12.5,1.9477748031616209,1.947054443359375,1.9481140136718753,4.680176367514474,3.241002850747576,-0.0007203598022458291,0.0010595703125002576
99,99,2,1214185,1214206,26.25,1.9375419921875001,1.9203303745814733,1.9124373550415037,3.0649177806452585,4.4892421711137525,-0.017211617606026852,-0.00789301953996957
102,102,1,1260066,1260076,12.5,2.0107065887451174,2.0170978546142573,2.0152016525268555,4.616748696730443,1.3222454134032333,0.0063912658691398505,-0.0018962020874018215
102,102,2,1260080,1260106,32.5,2.0157151107788085,2.0159814541156473,2.017983757019043,4.497843692392921,1.6970486115644638,0.0002663433368388368,0.0020023029033957584
102,102,3,1260107,1260131,30.0,2.016805877685547,2.0152992884318035,2.0248900756835937,2.258157526290823,3.413723836519333,-0.0015065892537435843,0.00959078725179019
118,118,1,1478603,1478615,15.0,1.9598809585571288,1.9578370730082195,1.9450096588134764,4.639387264017528,3.9224241842430074,-0.00204388554890933,-0.012827414194743092
118,118,2,1478777,1478792,18.75,1.9085167083740233,1.909061024983724,1.89576123046875,2.6859239015798093,2.6070062071189968,0.000544316609700779,-0.013299794514974206
118,118,3,1478807,1478818,13.75,1.905822238922119,1.8987962202592328,1.8925792655944824,2.0824874951687056,2.824554956265125,-0.007026018662886324,-0.006216954664750363
118,118,4,1479323,1479335,15.0,2.0480607299804685,2.0368918100992834,2.031608985900879,3.513290253421239,5.8298280518073256,-0.011168919881185069,-0.005282824198404423
120,120,1,1497914,1497926,15.0,2.088741065979004,2.0593946456909182,2.075050277709961,10.461050222034618,2.655519648611919,-0.029346420288085984,0.01565563201904263
120,120,2,1498459,1498472,16.25,2.0361660614013672,2.0308374845064603,2.027599388122559,6.70242034895816,2.7247069013897236,-0.005328576894906956,-0.0032380963839013788
122,122,1,1525131,1525142,13.75,1.9727668609619142,1.946204861727628,1.958194107055664,10.295275069084454,6.9235125902035834,-0.02656199923428626,0.011989245328036136
124,124,1,1561449,1561465,20.0,1.9768481216430664,1.9811156272888184,1.9648346023559569,4.080438630092663,2.5020578098836004,0.004267505645751957,-0.016281024932861543
124,124,2,1561466,1561483,21.25,1.9767629318237303,1.9732571096981275,1.9591504626803922,3.4418043720611773,2.8002817336627532,-0.0035058221256027977,-0.014106647017735341
128,128,1,1686543,1686556,16.25,2.0136882362365727,1.9802027188814604,1.9693802146911623,9.700207990028188,3.6336153950351346,-0.03348551735511229,-0.010822504190298066
129,129,1,1697345,1697356,13.75,2.007837310791016,2.0159205696799534,2.016117881774902,5.413458171030592,1.6328793609917318,0.008083258888937461,0.00019731209494855406
129,129,2,1697357,1697374,21.25,2.008725471496582,2.019639340568991,2.0108048171997073,3.3585182787833947,1.8866778412357355,0.0109138690724091,-0.008834523369283698
129,129,3,1697375,1697401,32.5,2.013890724182129,2.014880004295936,1.9973766093351404,2.103320840928872,4.278800321043441,0.0009892801138069451,-0.01750339496079545
129,129,4,1697422,1697436,17.5,2.0115823135375974,1.9938337598528182,1.9875867843627932,1.8507448738532455,9.43477304128771,-0.017748553684779234,-0.006246975490024953
130,130,1,1704919,1704931,15.0,2.0393544311523435,2.041029421488444,2.0264394302368163,3.1948028351566116,2.708199687289845,0.0016749903361006346,-0.014589991251627854
130,130,2,1704948,1704958,12.5,2.038975082397461,2.0323475646972655,2.0158381881713865,2.895475773586369,4.477623188240185,-0.00662751770019554,-0.016509376525879027
130,130,3,1705420,1705432,15.0,2.01382975769043,2.0220463434855143,2.053746398925781,9.5754041554713,2.9913927980290747,0.008216585795084441,0.03170005544026688
130,130,4,1705534,1705544,12.5,2.051626174926758,2.0229851531982423,1.9857392578125,3.078500603448148,6.827282958756878,-0.028641021728515792,-0.03724589538574241
